timestamp_close_iso,timestamp_open_iso,marker_type,price_level,direction,segment,outcome,gate_branch,strength_trajectory,variant,entry,stop,exit,location_ref,location_level,dist_pts,dist_signal_atr
2026-07-22T09:30:00+00:00,2026-07-22T09:15:00+00:00,H2_SHORT,10739.8,SHORT,cash,CONFIRMED_GATED,REVERSAL_BLOCKED,1.0,uk100fut_full_1r,,,,,,,
2026-07-28T11:30:00+00:00,2026-07-28T11:15:00+00:00,H2_SHORT,10850.3,SHORT,cash,EXPIRED,,1.0,uk100fut_full_1r,,,,,,,
2026-07-22T09:30:00+00:00,2026-07-22T09:15:00+00:00,H2_SHORT,10739.8,SHORT,cash,CONFIRMED_GATED,REVERSAL_BLOCKED,1.0,uk100fut_full_2r,,,,,,,
2026-07-28T11:30:00+00:00,2026-07-28T11:15:00+00:00,H2_SHORT,10850.3,SHORT,cash,EXPIRED,,1.0,uk100fut_full_2r,,,,,,,
2026-07-22T09:30:00+00:00,2026-07-22T09:15:00+00:00,H2_SHORT,10739.8,SHORT,cash,CONFIRMED_GATED,REVERSAL_BLOCKED,1.0,uk100fut_full_3r,,,,,,,
2026-07-28T11:30:00+00:00,2026-07-28T11:15:00+00:00,H2_SHORT,10850.3,SHORT,cash,EXPIRED,,1.0,uk100fut_full_3r,,,,,,,
2026-07-22T09:30:00+00:00,2026-07-22T09:15:00+00:00,H2_SHORT,10739.8,SHORT,cash,CONFIRMED_GATED,REVERSAL_BLOCKED,1.0,uk100fut_full_opposing,,,,,,,
2026-07-28T11:30:00+00:00,2026-07-28T11:15:00+00:00,H2_SHORT,10850.3,SHORT,cash,EXPIRED,,1.0,uk100fut_full_opposing,,,,,,,
2026-07-22T09:30:00+00:00,2026-07-22T09:15:00+00:00,H2_SHORT,10739.8,SHORT,cash,CONFIRMED_GATED,REVERSAL_BLOCKED,1.0,uk100fut_full_context_flip,,,,,,,
2026-07-28T11:30:00+00:00,2026-07-28T11:15:00+00:00,H2_SHORT,10850.3,SHORT,cash,EXPIRED,,1.0,uk100fut_full_context_flip,,,,,,,
2026-07-22T09:30:00+00:00,2026-07-22T09:15:00+00:00,H2_SHORT,10739.8,SHORT,cash,CONFIRMED_GATED,REVERSAL_BLOCKED,1.0,uk100fut_norefine_2r,,,,,,,
2026-07-28T11:30:00+00:00,2026-07-28T11:15:00+00:00,H2_SHORT,10850.3,SHORT,cash,EXPIRED,,1.0,uk100fut_norefine_2r,,,,,,,
2026-07-22T09:30:00+00:00,2026-07-22T09:15:00+00:00,H2_SHORT,10739.8,SHORT,cash,CONFIRMED_GATED,REVERSAL_BLOCKED,1.0,uk100fut_strict_2r,,,,,,,
2026-07-28T11:30:00+00:00,2026-07-28T11:15:00+00:00,H2_SHORT,10850.3,SHORT,cash,EXPIRED,,1.0,uk100fut_strict_2r,,,,,,,
2026-07-22T09:30:00+00:00,2026-07-22T09:15:00+00:00,H2_SHORT,10739.8,SHORT,cash,CONFIRMED_GATED,REVERSAL_BLOCKED,1.0,uk100fut_zerocost_2r,,,,,,,
2026-07-28T11:30:00+00:00,2026-07-28T11:15:00+00:00,H2_SHORT,10850.3,SHORT,cash,EXPIRED,,1.0,uk100fut_zerocost_2r,,,,,,,
2026-07-22T09:30:00+00:00,2026-07-22T09:15:00+00:00,H2_SHORT,10739.8,SHORT,cash,CONFIRMED_GATED,REVERSAL_BLOCKED,1.0,uk100fut_abl_no_location_2r,,,,,,,
2026-07-28T11:30:00+00:00,2026-07-28T11:15:00+00:00,H2_SHORT,10850.3,SHORT,cash,EXPIRED,,1.0,uk100fut_abl_no_location_2r,,,,,,,
2026-07-22T09:30:00+00:00,2026-07-22T09:15:00+00:00,H2_SHORT,10739.8,SHORT,cash,CONFIRMED_TRADED,ABLATION_NO_GATE,1.0,uk100fut_abl_no_gating_2r,10682.4,10699.3,10694.3,,,,
2026-07-28T11:30:00+00:00,2026-07-28T11:15:00+00:00,H2_SHORT,10850.3,SHORT,cash,EXPIRED,,1.0,uk100fut_abl_no_gating_2r,,,,,,,
2026-07-22T09:30:00+00:00,2026-07-22T09:15:00+00:00,H2_SHORT,10739.8,SHORT,cash,EXPIRED,REVERSAL_BLOCKED,1.0,uk100fut_abl_no_confirmation_2r,,,,,,,
2026-07-28T11:30:00+00:00,2026-07-28T11:15:00+00:00,H2_SHORT,10850.3,SHORT,cash,EXPIRED,REVERSAL_BLOCKED,1.0,uk100fut_abl_no_confirmation_2r,,,,,,,
2026-07-19T23:30:00+00:00,2026-07-19T23:15:00+00:00,H2_SHORT,10583.2,SHORT,overnight_asia,REFUTED,,1.0,uk100fut_extended_observational,,,,,,,
2026-07-22T09:30:00+00:00,2026-07-22T09:15:00+00:00,H2_SHORT,10739.8,SHORT,cash,CONFIRMED_GATED,REVERSAL_BLOCKED,1.0,uk100fut_extended_observational,,,,,,,
2026-07-22T16:30:00+00:00,2026-07-22T16:15:00+00:00,H4_LONG,10727.6,LONG,post_close,CONFIRMED_GATED,TREND_BLOCKED,1.0,uk100fut_extended_observational,,,,,,,
2026-07-23T20:45:00+00:00,2026-07-23T20:30:00+00:00,H2_SHORT,10626.1,SHORT,overnight_asia,EXPIRED,,1.0->0.5->0.0,uk100fut_extended_observational,,,,,,,
2026-07-27T07:00:00+00:00,2026-07-27T06:45:00+00:00,H2_SHORT,10833.1,SHORT,pre_open,CONFIRMED_GATED,REVERSAL_BLOCKED,1.0,uk100fut_extended_observational,,,,,,,
2026-07-27T16:30:00+00:00,2026-07-27T16:15:00+00:00,H2_LONG,10769.3,LONG,post_close,REFUTED,,1.0->0.5,uk100fut_extended_observational,,,,,,,
2026-07-28T11:30:00+00:00,2026-07-28T11:15:00+00:00,H2_SHORT,10850.3,SHORT,cash,EXPIRED,,1.0,uk100fut_extended_observational,,,,,,,
2026-07-28T18:15:00+00:00,2026-07-28T18:00:00+00:00,H4_LONG,10890.1,LONG,post_close,EXPIRED,,1.0,uk100fut_extended_observational,,,,,,,
2026-07-28T23:30:00+00:00,2026-07-28T23:15:00+00:00,H2_LONG,10891.1,LONG,overnight_asia,EXPIRED,,1.0->0.5,uk100fut_extended_observational,,,,,,,
2026-07-29T18:15:00+00:00,2026-07-29T18:00:00+00:00,H2_SHORT,10893.3,SHORT,post_close,REFUTED,,1.0->0.5,uk100fut_extended_observational,,,,,,,
2026-07-29T18:30:00+00:00,2026-07-29T18:15:00+00:00,H2_LONG,10872.1,LONG,post_close,EXTENDED_OBSERVATIONAL,REV_WITH_TREND,1.0,uk100fut_extended_observational,,,,,,,
2026-07-30T01:15:00+00:00,2026-07-30T01:00:00+00:00,H2_SHORT,10853.3,SHORT,overnight_asia,REFUTED,,1.0->0.5,uk100fut_extended_observational,,,,,,,
2026-07-14T08:00:00+00:00,2026-07-14T07:45:00+00:00,H2_LONG,10425.7,LONG,cash,REFUTED,,1.0->0.5->0.0,uk100_full_2r,,,,,,,
2026-07-14T15:15:00+00:00,2026-07-14T15:00:00+00:00,H2_LONG,10508.1,LONG,cash,REFUTED,,1.0->0.5,uk100_full_2r,,,,,,,
2026-07-16T12:00:00+00:00,2026-07-16T11:45:00+00:00,H2_LONG,10455.3,LONG,cash,EXPIRED,,1.0->0.5->0.0->-0.5->-1.0,uk100_full_2r,,,,,,,
2026-07-17T09:00:00+00:00,2026-07-17T08:45:00+00:00,H2_SHORT,10583.3,SHORT,cash,CONFIRMED_GATED,,1.0->0.5,uk100_full_2r,,,,,,,
2026-07-22T09:30:00+00:00,2026-07-22T09:15:00+00:00,H2_SHORT,10734.2,SHORT,cash,CONFIRMED_GATED,REVERSAL_BLOCKED,1.0,uk100_full_2r,,,,,,,
2026-07-28T11:30:00+00:00,2026-07-28T11:15:00+00:00,H2_SHORT,10851.8,SHORT,cash,EXPIRED,,1.0,uk100_full_2r,,,,,,,
2026-07-14T08:00:00+00:00,2026-07-14T07:45:00+00:00,H2_LONG,10425.7,LONG,cash,REFUTED,,1.0->0.5->0.0,uk100_abl_no_gating_2r,,,,,,,
2026-07-14T15:15:00+00:00,2026-07-14T15:00:00+00:00,H2_LONG,10508.1,LONG,cash,REFUTED,,1.0->0.5,uk100_abl_no_gating_2r,,,,,,,
2026-07-16T12:00:00+00:00,2026-07-16T11:45:00+00:00,H2_LONG,10455.3,LONG,cash,EXPIRED,,1.0->0.5->0.0->-0.5->-1.0,uk100_abl_no_gating_2r,,,,,,,
2026-07-17T09:00:00+00:00,2026-07-17T08:45:00+00:00,H2_SHORT,10583.3,SHORT,cash,CONFIRMED_GATED,,1.0->0.5,uk100_abl_no_gating_2r,,,,,,,
2026-07-22T09:30:00+00:00,2026-07-22T09:15:00+00:00,H2_SHORT,10734.2,SHORT,cash,CONFIRMED_TRADED,ABLATION_NO_GATE,1.0,uk100_abl_no_gating_2r,10682.4,10693.400000000001,10693.400000000001,,,,
2026-07-28T11:30:00+00:00,2026-07-28T11:15:00+00:00,H2_SHORT,10851.8,SHORT,cash,EXPIRED,,1.0,uk100_abl_no_gating_2r,,,,,,,
2026-07-20T11:33:00+00:00,2026-07-20T11:32:00+00:00,UPTHRUST_1min_OBSERVATIONAL,10601.6,SHORT,cash,SIGNATURE_MOMENT,,,uk100fut_full_2r,,,,session_high,10601.6,0.0,0.0
2026-07-20T11:34:00+00:00,2026-07-20T11:33:00+00:00,UPTHRUST_1min_OBSERVATIONAL,10598.6,SHORT,cash,SIGNATURE_MOMENT,,,uk100fut_full_2r,,,,session_high,10601.6,-3.0,-0.2
2026-07-20T11:52:00+00:00,2026-07-20T11:51:00+00:00,SPRING_1min_OBSERVATIONAL,10579.8,LONG,cash,SIGNATURE_MOMENT,,,uk100fut_full_2r,,,,signal_swing_level,10579.6,0.2,0.01
2026-07-20T12:08:00+00:00,2026-07-20T12:07:00+00:00,SPRING_1min_OBSERVATIONAL,10568.1,LONG,cash,SIGNATURE_MOMENT,,,uk100fut_full_2r,,,,signal_swing_level,10569.3,-1.2,-0.08
2026-07-20T13:00:00+00:00,2026-07-20T12:59:00+00:00,SPRING_1min_OBSERVATIONAL,10549.6,LONG,cash,SIGNATURE_MOMENT,,,uk100fut_full_2r,,,,signal_swing_level,10549.1,0.5,0.03
2026-07-20T15:07:00+00:00,2026-07-20T15:06:00+00:00,UPTHRUST_1min_OBSERVATIONAL,10526.3,SHORT,cash,SIGNATURE_MOMENT,,,uk100fut_full_2r,,,,signal_swing_level,10525.8,0.5,0.02
2026-07-20T15:12:00+00:00,2026-07-20T15:11:00+00:00,UPTHRUST_1min_OBSERVATIONAL,10532.1,SHORT,cash,SIGNATURE_MOMENT,,,uk100fut_full_2r,,,,prior_session_low,10532.6,-0.5,-0.02
2026-07-20T15:14:00+00:00,2026-07-20T15:13:00+00:00,SPRING_1min_OBSERVATIONAL,10525.6,LONG,cash,SIGNATURE_MOMENT,,,uk100fut_full_2r,,,,signal_swing_level,10525.8,-0.2,-0.01
2026-07-21T10:12:00+00:00,2026-07-21T10:11:00+00:00,SPRING_1min_OBSERVATIONAL,10557.1,LONG,cash,SIGNATURE_MOMENT,,,uk100fut_full_2r,,,,signal_swing_level,10556.1,1.0,0.05
2026-07-21T10:50:00+00:00,2026-07-21T10:49:00+00:00,UPTHRUST_1min_OBSERVATIONAL,10557.6,SHORT,cash,SIGNATURE_MOMENT,,,uk100fut_full_2r,,,,signal_swing_level,10556.1,1.5,0.09
2026-07-21T12:17:00+00:00,2026-07-21T12:16:00+00:00,SPRING_1min_OBSERVATIONAL,10536.6,LONG,cash,SIGNATURE_MOMENT,,,uk100fut_full_2r,,,,signal_swing_level,10541.3,-4.7,-0.35
2026-07-22T09:23:00+00:00,2026-07-22T09:22:00+00:00,UPTHRUST_1min_OBSERVATIONAL,10730.3,SHORT,cash,SIGNATURE_MOMENT,,,uk100fut_full_2r,,,,session_high,10739.8,-9.5,-0.42
2026-07-22T09:32:00+00:00,2026-07-22T09:31:00+00:00,UPTHRUST_1min_OBSERVATIONAL,10720.6,SHORT,cash,SIGNATURE_MOMENT,,,uk100fut_full_2r,,,,session_high,10739.8,-19.2,-0.84
2026-07-22T09:37:00+00:00,2026-07-22T09:36:00+00:00,SPRING_1min_OBSERVATIONAL,10699.3,LONG,cash,SIGNATURE_MOMENT,,,uk100fut_full_2r,,,,session_high,10739.8,-40.5,-1.78
2026-07-22T09:42:00+00:00,2026-07-22T09:41:00+00:00,SPRING_1min_OBSERVATIONAL,10690.6,LONG,cash,SIGNATURE_MOMENT,,,uk100fut_full_2r,,,,session_high,10739.8,-49.2,-2.16
2026-07-22T09:49:00+00:00,2026-07-22T09:48:00+00:00,SPRING_1min_OBSERVATIONAL,10692.8,LONG,cash,SIGNATURE_MOMENT,,,uk100fut_full_2r,,,,session_high,10739.8,-47.0,-1.95
2026-07-22T09:54:00+00:00,2026-07-22T09:53:00+00:00,SPRING_1min_OBSERVATIONAL,10678.1,LONG,cash,SIGNATURE_MOMENT,,,uk100fut_full_2r,,,,signal_swing_level,10633.8,44.3,1.84
2026-07-22T09:55:00+00:00,2026-07-22T09:54:00+00:00,SPRING_1min_OBSERVATIONAL,10677.8,LONG,cash,SIGNATURE_MOMENT,,,uk100fut_full_2r,,,,signal_swing_level,10633.8,44.0,1.82
2026-07-22T10:00:00+00:00,2026-07-22T09:59:00+00:00,SPRING_1min_OBSERVATIONAL,10680.3,LONG,cash,SIGNATURE_MOMENT,,,uk100fut_full_2r,,,,signal_swing_level,10633.8,46.5,1.88
2026-07-22T10:02:00+00:00,2026-07-22T10:01:00+00:00,UPTHRUST_1min_OBSERVATIONAL,10690.8,SHORT,cash,SIGNATURE_MOMENT,,,uk100fut_full_2r,,,,session_high,10739.8,-49.0,-1.99
2026-07-22T10:06:00+00:00,2026-07-22T10:05:00+00:00,SPRING_1min_OBSERVATIONAL,10686.3,LONG,cash,SIGNATURE_MOMENT,,,uk100fut_full_2r,,,,signal_swing_level,10633.8,52.5,2.13
2026-07-22T10:20:00+00:00,2026-07-22T10:19:00+00:00,SPRING_1min_OBSERVATIONAL,10681.1,LONG,cash,SIGNATURE_MOMENT,,,uk100fut_full_2r,,,,signal_swing_level,10633.8,47.3,1.92
2026-07-22T10:50:00+00:00,2026-07-22T10:49:00+00:00,SPRING_1min_OBSERVATIONAL,10710.3,LONG,cash,SIGNATURE_MOMENT,,,uk100fut_full_2r,,,,session_high,10739.8,-29.5,-1.22
2026-07-22T11:30:00+00:00,2026-07-22T11:29:00+00:00,SPRING_1min_OBSERVATIONAL,10713.1,LONG,cash,SIGNATURE_MOMENT,,,uk100fut_full_2r,,,,session_high,10739.8,-26.7,-1.16
2026-07-22T11:46:00+00:00,2026-07-22T11:45:00+00:00,SPRING_1min_OBSERVATIONAL,10706.1,LONG,cash,SIGNATURE_MOMENT,,,uk100fut_full_2r,,,,signal_swing_level,10677.8,28.3,1.26
2026-07-22T11:54:00+00:00,2026-07-22T11:53:00+00:00,SPRING_1min_OBSERVATIONAL,10723.1,LONG,cash,SIGNATURE_MOMENT,,,uk100fut_full_2r,,,,session_high,10739.8,-16.7,-0.74
2026-07-22T11:58:00+00:00,2026-07-22T11:57:00+00:00,UPTHRUST_1min_OBSERVATIONAL,10734.6,SHORT,cash,SIGNATURE_MOMENT,,,uk100fut_full_2r,,,,session_high,10739.8,-5.2,-0.23
2026-07-23T07:12:00+00:00,2026-07-23T07:11:00+00:00,SPRING_1min_OBSERVATIONAL,10665.1,LONG,cash,SIGNATURE_MOMENT,,,uk100fut_full_2r,,,,session_low,10665.1,0.0,0.0
2026-07-23T07:17:00+00:00,2026-07-23T07:16:00+00:00,SPRING_1min_OBSERVATIONAL,10678.6,LONG,cash,SIGNATURE_MOMENT,,,uk100fut_full_2r,,,,signal_swing_level,10677.8,0.8,0.04
2026-07-23T12:50:00+00:00,2026-07-23T12:49:00+00:00,SPRING_1min_OBSERVATIONAL,10634.3,LONG,cash,SIGNATURE_MOMENT,,,uk100fut_full_2r,,,,session_low,10634.3,0.0,0.0
2026-07-23T12:53:00+00:00,2026-07-23T12:52:00+00:00,SPRING_1min_OBSERVATIONAL,10646.8,LONG,cash,SIGNATURE_MOMENT,,,uk100fut_full_2r,,,,signal_swing_level,10654.3,-7.5,-0.39
2026-07-23T13:12:00+00:00,2026-07-23T13:11:00+00:00,SPRING_1min_OBSERVATIONAL,10610.8,LONG,cash,SIGNATURE_MOMENT,,,uk100fut_full_2r,,,,session_low,10609.3,1.5,0.07
2026-07-23T13:24:00+00:00,2026-07-23T13:23:00+00:00,SPRING_1min_OBSERVATIONAL,10620.8,LONG,cash,SIGNATURE_MOMENT,,,uk100fut_full_2r,,,,session_low,10609.3,11.5,0.54
2026-07-23T14:32:00+00:00,2026-07-23T14:31:00+00:00,UPTHRUST_1min_OBSERVATIONAL,10636.1,SHORT,cash,SIGNATURE_MOMENT,,,uk100fut_full_2r,,,,signal_swing_level,10654.3,-18.2,-0.72
2026-07-27T12:52:00+00:00,2026-07-27T12:51:00+00:00,SPRING_1min_OBSERVATIONAL,10771.8,LONG,cash,SIGNATURE_MOMENT,,,uk100fut_full_2r,,,,signal_swing_level,10771.8,0.0,0.0
2026-07-27T14:36:00+00:00,2026-07-27T14:35:00+00:00,SPRING_1min_OBSERVATIONAL,10798.3,LONG,cash,SIGNATURE_MOMENT,,,uk100fut_full_2r,,,,signal_swing_level,10792.3,6.0,0.37
2026-07-28T11:01:00+00:00,2026-07-28T11:00:00+00:00,UPTHRUST_1min_OBSERVATIONAL,10840.1,SHORT,cash,SIGNATURE_MOMENT,,,uk100fut_full_2r,,,,session_high,10856.6,-16.5,-0.98
2026-07-28T11:06:00+00:00,2026-07-28T11:05:00+00:00,SPRING_1min_OBSERVATIONAL,10834.3,LONG,cash,SIGNATURE_MOMENT,,,uk100fut_full_2r,,,,prior_session_high,10822.6,11.7,0.7
2026-07-28T11:08:00+00:00,2026-07-28T11:07:00+00:00,SPRING_1min_OBSERVATIONAL,10833.6,LONG,cash,SIGNATURE_MOMENT,,,uk100fut_full_2r,,,,prior_session_high,10822.6,11.0,0.66
2026-07-28T15:11:00+00:00,2026-07-28T15:10:00+00:00,SPRING_1min_OBSERVATIONAL,10857.1,LONG,cash,SIGNATURE_MOMENT,,,uk100fut_full_2r,,,,signal_swing_level,10856.6,0.5,0.03
2026-07-28T15:18:00+00:00,2026-07-28T15:17:00+00:00,SPRING_1min_OBSERVATIONAL,10871.1,LONG,cash,SIGNATURE_MOMENT,,,uk100fut_full_2r,,,,session_high,10883.8,-12.7,-0.7
2026-07-29T08:33:00+00:00,2026-07-29T08:32:00+00:00,SPRING_1min_OBSERVATIONAL,10882.8,LONG,cash,SIGNATURE_MOMENT,,,uk100fut_full_2r,,,,prior_session_high,10883.8,-1.0,-0.04
2026-07-29T10:54:00+00:00,2026-07-29T10:53:00+00:00,UPTHRUST_1min_OBSERVATIONAL,10895.1,SHORT,cash,SIGNATURE_MOMENT,,,uk100fut_full_2r,,,,prior_session_high,10883.8,11.3,0.66
2026-07-29T12:19:00+00:00,2026-07-29T12:18:00+00:00,SPRING_1min_OBSERVATIONAL,10875.1,LONG,cash,SIGNATURE_MOMENT,,,uk100fut_full_2r,,,,prior_session_high,10883.8,-8.7,-0.61
2026-07-29T12:23:00+00:00,2026-07-29T12:22:00+00:00,SPRING_1min_OBSERVATIONAL,10872.1,LONG,cash,SIGNATURE_MOMENT,,,uk100fut_full_2r,,,,prior_session_high,10883.8,-11.7,-0.82
2026-07-29T12:24:00+00:00,2026-07-29T12:23:00+00:00,SPRING_1min_OBSERVATIONAL,10879.1,LONG,cash,SIGNATURE_MOMENT,,,uk100fut_full_2r,,,,prior_session_high,10883.8,-4.7,-0.33
2026-07-29T12:25:00+00:00,2026-07-29T12:24:00+00:00,UPTHRUST_1min_OBSERVATIONAL,10886.3,SHORT,cash,SIGNATURE_MOMENT,,,uk100fut_full_2r,,,,prior_session_high,10883.8,2.5,0.17
2026-07-29T12:31:00+00:00,2026-07-29T12:30:00+00:00,SPRING_1min_OBSERVATIONAL,10878.1,LONG,cash,SIGNATURE_MOMENT,,,uk100fut_full_2r,,,,prior_session_high,10883.8,-5.7,-0.37
2026-07-29T13:23:00+00:00,2026-07-29T13:22:00+00:00,UPTHRUST_1min_OBSERVATIONAL,10898.6,SHORT,cash,SIGNATURE_MOMENT,,,uk100fut_full_2r,,,,signal_swing_level,10905.1,-6.5,-0.41
2026-07-30T08:34:00+00:00,2026-07-30T08:33:00+00:00,UPTHRUST_1min_OBSERVATIONAL,10964.1,SHORT,cash,SIGNATURE_MOMENT,,,uk100fut_full_2r,,,,session_high,10970.8,-6.7,-0.23
2026-07-30T09:33:00+00:00,2026-07-30T09:32:00+00:00,UPTHRUST_1min_OBSERVATIONAL,10956.3,SHORT,cash,SIGNATURE_MOMENT,,,uk100fut_full_2r,,,,prior_session_high,10949.3,7.0,0.23
2026-07-30T09:48:00+00:00,2026-07-30T09:47:00+00:00,SPRING_1min_OBSERVATIONAL,10946.6,LONG,cash,SIGNATURE_MOMENT,,,uk100fut_full_2r,,,,prior_session_high,10949.3,-2.7,-0.09
2026-07-30T10:15:00+00:00,2026-07-30T10:14:00+00:00,SPRING_1min_OBSERVATIONAL,10900.6,LONG,cash,SIGNATURE_MOMENT,,,uk100fut_full_2r,,,,signal_swing_level,10908.6,-8.0,-0.26
2026-07-30T10:19:00+00:00,2026-07-30T10:18:00+00:00,SPRING_1min_OBSERVATIONAL,10909.8,LONG,cash,SIGNATURE_MOMENT,,,uk100fut_full_2r,,,,signal_swing_level,10908.6,1.2,0.04
2026-07-30T10:48:00+00:00,2026-07-30T10:47:00+00:00,SPRING_1min_OBSERVATIONAL,10898.1,LONG,cash,SIGNATURE_MOMENT,,,uk100fut_full_2r,,,,signal_swing_level,10908.6,-10.5,-0.37
2026-07-30T10:49:00+00:00,2026-07-30T10:48:00+00:00,SPRING_1min_OBSERVATIONAL,10899.8,LONG,cash,SIGNATURE_MOMENT,,,uk100fut_full_2r,,,,signal_swing_level,10908.6,-8.8,-0.31
2026-07-30T10:51:00+00:00,2026-07-30T10:50:00+00:00,SPRING_1min_OBSERVATIONAL,10905.1,LONG,cash,SIGNATURE_MOMENT,,,uk100fut_full_2r,,,,signal_swing_level,10908.6,-3.5,-0.12
2026-07-30T11:06:00+00:00,2026-07-30T11:05:00+00:00,SPRING_1min_OBSERVATIONAL,10914.8,LONG,cash,SIGNATURE_MOMENT,,,uk100fut_full_2r,,,,signal_swing_level,10908.6,6.2,0.23
2026-07-30T11:13:00+00:00,2026-07-30T11:12:00+00:00,UPTHRUST_1min_OBSERVATIONAL,10924.8,SHORT,cash,SIGNATURE_MOMENT,,,uk100fut_full_2r,,,,signal_swing_level,10908.6,16.2,0.6
2026-07-30T11:56:00+00:00,2026-07-30T11:55:00+00:00,UPTHRUST_1min_OBSERVATIONAL,10945.1,SHORT,cash,SIGNATURE_MOMENT,,,uk100fut_full_2r,,,,prior_session_high,10949.3,-4.2,-0.17
2026-07-30T12:42:00+00:00,2026-07-30T12:41:00+00:00,UPTHRUST_1min_OBSERVATIONAL,10934.1,SHORT,cash,SIGNATURE_MOMENT,,,uk100fut_full_2r,,,,prior_session_high,10949.3,-15.2,-0.66
2026-07-30T12:48:00+00:00,2026-07-30T12:47:00+00:00,SPRING_1min_OBSERVATIONAL,10935.1,LONG,cash,SIGNATURE_MOMENT,,,uk100fut_full_2r,,,,prior_session_high,10949.3,-14.2,-0.63
2026-07-30T13:14:00+00:00,2026-07-30T13:13:00+00:00,UPTHRUST_1min_OBSERVATIONAL,10960.1,SHORT,cash,SIGNATURE_MOMENT,,,uk100fut_full_2r,,,,prior_session_high,10949.3,10.8,0.49
2026-07-30T13:18:00+00:00,2026-07-30T13:17:00+00:00,UPTHRUST_1min_OBSERVATIONAL,10962.1,SHORT,cash,SIGNATURE_MOMENT,,,uk100fut_full_2r,,,,session_high,10971.6,-9.5,-0.42
2026-07-30T14:35:00+00:00,2026-07-30T14:34:00+00:00,UPTHRUST_1min_OBSERVATIONAL,10931.3,SHORT,cash,SIGNATURE_MOMENT,,,uk100fut_full_2r,,,,signal_swing_level,10925.8,5.5,0.24
2026-07-30T14:51:00+00:00,2026-07-30T14:50:00+00:00,SPRING_1min_OBSERVATIONAL,10908.3,LONG,cash,SIGNATURE_MOMENT,,,uk100fut_full_2r,,,,signal_swing_level,10908.6,-0.3,-0.01
2026-07-31T11:21:00+00:00,2026-07-31T11:20:00+00:00,UPTHRUST_1min_OBSERVATIONAL,10924.6,SHORT,cash,SIGNATURE_MOMENT,,,uk100fut_full_2r,,,,signal_swing_level,10925.8,-1.2,-0.07
2026-07-31T14:20:00+00:00,2026-07-31T14:19:00+00:00,UPTHRUST_1min_OBSERVATIONAL,10827.6,SHORT,cash,SIGNATURE_MOMENT,,,uk100fut_full_2r,,,,session_low,10818.1,9.5,0.53
2026-07-31T15:29:00+00:00,2026-07-31T15:28:00+00:00,SPRING_1min_OBSERVATIONAL,10854.6,LONG,cash,SIGNATURE_MOMENT,,,uk100fut_full_2r,,,,signal_swing_level,10858.8,-4.2,-0.22
2026-07-19T22:47:00+00:00,2026-07-19T22:46:00+00:00,UPTHRUST_1min_OBSERVATIONAL,10587.2,SHORT,overnight_asia,SIGNATURE_MOMENT,,,uk100fut_extended_observational,,,,session_high,10587.8,-0.6,-0.05
2026-07-19T22:54:00+00:00,2026-07-19T22:53:00+00:00,UPTHRUST_1min_OBSERVATIONAL,10580.9,SHORT,overnight_asia,SIGNATURE_MOMENT,,,uk100fut_extended_observational,,,,session_low,10579.8,1.1,0.09
2026-07-19T23:02:00+00:00,2026-07-19T23:01:00+00:00,UPTHRUST_1min_OBSERVATIONAL,10579.8,SHORT,overnight_asia,SIGNATURE_MOMENT,,,uk100fut_extended_observational,,,,session_low,10578.3,1.5,0.13
2026-07-19T23:08:00+00:00,2026-07-19T23:07:00+00:00,SPRING_1min_OBSERVATIONAL,10578.8,LONG,overnight_asia,SIGNATURE_MOMENT,,,uk100fut_extended_observational,,,,session_low,10577.3,1.5,0.13
2026-07-19T23:12:00+00:00,2026-07-19T23:11:00+00:00,SPRING_1min_OBSERVATIONAL,10581.3,LONG,overnight_asia,SIGNATURE_MOMENT,,,uk100fut_extended_observational,,,,session_low,10577.3,4.0,0.35
2026-07-19T23:14:00+00:00,2026-07-19T23:13:00+00:00,UPTHRUST_1min_OBSERVATIONAL,10583.5,SHORT,overnight_asia,SIGNATURE_MOMENT,,,uk100fut_extended_observational,,,,signal_swing_level,10586.6,-3.1,-0.27
2026-07-19T23:15:00+00:00,2026-07-19T23:14:00+00:00,UPTHRUST_1min_OBSERVATIONAL,10582.2,SHORT,overnight_asia,SIGNATURE_MOMENT,,,uk100fut_extended_observational,,,,signal_swing_level,10586.6,-4.4,-0.39
2026-07-19T23:38:00+00:00,2026-07-19T23:37:00+00:00,SPRING_1min_OBSERVATIONAL,10579.9,LONG,overnight_asia,SIGNATURE_MOMENT,,,uk100fut_extended_observational,,,,session_low,10576.4,3.5,0.32
2026-07-19T23:44:00+00:00,2026-07-19T23:43:00+00:00,UPTHRUST_1min_OBSERVATIONAL,10587.4,SHORT,overnight_asia,SIGNATURE_MOMENT,,,uk100fut_extended_observational,,,,session_high,10587.8,-0.4,-0.04
2026-07-19T23:48:00+00:00,2026-07-19T23:47:00+00:00,UPTHRUST_1min_OBSERVATIONAL,10582.7,SHORT,overnight_asia,SIGNATURE_MOMENT,,,uk100fut_extended_observational,,,,signal_swing_level,10586.6,-3.9,-0.35
2026-07-20T00:09:00+00:00,2026-07-20T00:08:00+00:00,SPRING_1min_OBSERVATIONAL,10580.3,LONG,overnight_asia,SIGNATURE_MOMENT,,,uk100fut_extended_observational,,,,signal_swing_level,10586.6,-6.3,-0.59
2026-07-20T01:19:00+00:00,2026-07-20T01:18:00+00:00,UPTHRUST_1min_OBSERVATIONAL,10584.7,SHORT,overnight_asia,SIGNATURE_MOMENT,,,uk100fut_extended_observational,,,,signal_swing_level,10586.6,-1.9,-0.14
2026-07-20T01:20:00+00:00,2026-07-20T01:19:00+00:00,UPTHRUST_1min_OBSERVATIONAL,10584.3,SHORT,overnight_asia,SIGNATURE_MOMENT,,,uk100fut_extended_observational,,,,signal_swing_level,10586.6,-2.3,-0.17
2026-07-20T01:46:00+00:00,2026-07-20T01:45:00+00:00,UPTHRUST_1min_OBSERVATIONAL,10569.6,SHORT,overnight_asia,SIGNATURE_MOMENT,,,uk100fut_extended_observational,,,,signal_swing_level,10569.3,0.3,0.02
2026-07-20T02:02:00+00:00,2026-07-20T02:01:00+00:00,UPTHRUST_1min_OBSERVATIONAL,10575.2,SHORT,overnight_asia,SIGNATURE_MOMENT,,,uk100fut_extended_observational,,,,signal_swing_level,10569.3,5.9,0.52
2026-07-20T02:26:00+00:00,2026-07-20T02:25:00+00:00,UPTHRUST_1min_OBSERVATIONAL,10561.3,SHORT,overnight_asia,SIGNATURE_MOMENT,,,uk100fut_extended_observational,,,,signal_swing_level,10563.1,-1.8,-0.15
2026-07-20T02:30:00+00:00,2026-07-20T02:29:00+00:00,UPTHRUST_1min_OBSERVATIONAL,10561.3,SHORT,overnight_asia,SIGNATURE_MOMENT,,,uk100fut_extended_observational,,,,signal_swing_level,10563.1,-1.8,-0.15
2026-07-20T02:34:00+00:00,2026-07-20T02:33:00+00:00,UPTHRUST_1min_OBSERVATIONAL,10569.1,SHORT,overnight_asia,SIGNATURE_MOMENT,,,uk100fut_extended_observational,,,,signal_swing_level,10569.3,-0.2,-0.02
2026-07-20T02:38:00+00:00,2026-07-20T02:37:00+00:00,UPTHRUST_1min_OBSERVATIONAL,10571.5,SHORT,overnight_asia,SIGNATURE_MOMENT,,,uk100fut_extended_observational,,,,signal_swing_level,10569.3,2.2,0.18
2026-07-20T03:04:00+00:00,2026-07-20T03:03:00+00:00,SPRING_1min_OBSERVATIONAL,10567.8,LONG,overnight_asia,SIGNATURE_MOMENT,,,uk100fut_extended_observational,,,,signal_swing_level,10569.3,-1.5,-0.12
2026-07-20T03:17:00+00:00,2026-07-20T03:16:00+00:00,SPRING_1min_OBSERVATIONAL,10570.4,LONG,overnight_asia,SIGNATURE_MOMENT,,,uk100fut_extended_observational,,,,signal_swing_level,10569.3,1.1,0.09
2026-07-20T03:27:00+00:00,2026-07-20T03:26:00+00:00,UPTHRUST_1min_OBSERVATIONAL,10572.8,SHORT,overnight_asia,SIGNATURE_MOMENT,,,uk100fut_extended_observational,,,,signal_swing_level,10569.3,3.5,0.27
2026-07-20T03:30:00+00:00,2026-07-20T03:29:00+00:00,UPTHRUST_1min_OBSERVATIONAL,10569.6,SHORT,overnight_asia,SIGNATURE_MOMENT,,,uk100fut_extended_observational,,,,signal_swing_level,10569.3,0.3,0.02
2026-07-20T03:47:00+00:00,2026-07-20T03:46:00+00:00,UPTHRUST_1min_OBSERVATIONAL,10573.4,SHORT,overnight_asia,SIGNATURE_MOMENT,,,uk100fut_extended_observational,,,,signal_swing_level,10569.3,4.1,0.39
2026-07-20T04:00:00+00:00,2026-07-20T03:59:00+00:00,SPRING_1min_OBSERVATIONAL,10568.5,LONG,overnight_asia,SIGNATURE_MOMENT,,,uk100fut_extended_observational,,,,signal_swing_level,10569.3,-0.8,-0.08
2026-07-20T04:02:00+00:00,2026-07-20T04:01:00+00:00,UPTHRUST_1min_OBSERVATIONAL,10574.0,SHORT,overnight_asia,SIGNATURE_MOMENT,,,uk100fut_extended_observational,,,,signal_swing_level,10578.3,-4.3,-0.41
2026-07-20T04:34:00+00:00,2026-07-20T04:33:00+00:00,UPTHRUST_1min_OBSERVATIONAL,10576.2,SHORT,overnight_asia,SIGNATURE_MOMENT,,,uk100fut_extended_observational,,,,signal_swing_level,10578.3,-2.1,-0.2
2026-07-20T04:56:00+00:00,2026-07-20T04:55:00+00:00,UPTHRUST_1min_OBSERVATIONAL,10590.5,SHORT,overnight_asia,SIGNATURE_MOMENT,,,uk100fut_extended_observational,,,,session_high,10591.4,-0.9,-0.09
2026-07-20T11:33:00+00:00,2026-07-20T11:32:00+00:00,UPTHRUST_1min_OBSERVATIONAL,10601.6,SHORT,cash,SIGNATURE_MOMENT,,,uk100fut_extended_observational,,,,session_high,10601.6,0.0,0.0
2026-07-20T11:34:00+00:00,2026-07-20T11:33:00+00:00,UPTHRUST_1min_OBSERVATIONAL,10598.6,SHORT,cash,SIGNATURE_MOMENT,,,uk100fut_extended_observational,,,,session_high,10601.6,-3.0,-0.2
2026-07-20T11:52:00+00:00,2026-07-20T11:51:00+00:00,SPRING_1min_OBSERVATIONAL,10579.8,LONG,cash,SIGNATURE_MOMENT,,,uk100fut_extended_observational,,,,signal_swing_level,10579.6,0.2,0.01
2026-07-20T12:08:00+00:00,2026-07-20T12:07:00+00:00,SPRING_1min_OBSERVATIONAL,10568.1,LONG,cash,SIGNATURE_MOMENT,,,uk100fut_extended_observational,,,,signal_swing_level,10569.3,-1.2,-0.08
2026-07-20T13:00:00+00:00,2026-07-20T12:59:00+00:00,SPRING_1min_OBSERVATIONAL,10549.6,LONG,cash,SIGNATURE_MOMENT,,,uk100fut_extended_observational,,,,signal_swing_level,10549.1,0.5,0.03
2026-07-20T15:07:00+00:00,2026-07-20T15:06:00+00:00,UPTHRUST_1min_OBSERVATIONAL,10526.3,SHORT,cash,SIGNATURE_MOMENT,,,uk100fut_extended_observational,,,,signal_swing_level,10525.8,0.5,0.02
2026-07-20T15:12:00+00:00,2026-07-20T15:11:00+00:00,UPTHRUST_1min_OBSERVATIONAL,10532.1,SHORT,cash,SIGNATURE_MOMENT,,,uk100fut_extended_observational,,,,signal_swing_level,10532.6,-0.5,-0.02
2026-07-20T15:14:00+00:00,2026-07-20T15:13:00+00:00,SPRING_1min_OBSERVATIONAL,10525.6,LONG,cash,SIGNATURE_MOMENT,,,uk100fut_extended_observational,,,,signal_swing_level,10525.8,-0.2,-0.01
2026-07-20T16:46:00+00:00,2026-07-20T16:45:00+00:00,UPTHRUST_1min_OBSERVATIONAL,10510.8,SHORT,post_close,SIGNATURE_MOMENT,,,uk100fut_extended_observational,,,,signal_swing_level,10508.3,2.5,0.13
2026-07-20T17:10:00+00:00,2026-07-20T17:09:00+00:00,UPTHRUST_1min_OBSERVATIONAL,10505.6,SHORT,post_close,SIGNATURE_MOMENT,,,uk100fut_extended_observational,,,,prior_session_low,10505.2,0.4,0.02
2026-07-20T19:56:00+00:00,2026-07-20T19:55:00+00:00,UPTHRUST_1min_OBSERVATIONAL,10472.6,SHORT,post_close,SIGNATURE_MOMENT,,,uk100fut_extended_observational,,,,session_low,10456.6,16.0,1.38
2026-07-20T23:22:00+00:00,2026-07-20T23:21:00+00:00,UPTHRUST_1min_OBSERVATIONAL,10472.0,SHORT,overnight_asia,SIGNATURE_MOMENT,,,uk100fut_extended_observational,,,,session_high,10472.0,0.0,0.0
2026-07-21T05:35:00+00:00,2026-07-21T05:34:00+00:00,UPTHRUST_1min_OBSERVATIONAL,10495.1,SHORT,overnight_asia,SIGNATURE_MOMENT,,,uk100fut_extended_observational,,,,session_high,10495.1,0.0,0.0
2026-07-21T06:36:00+00:00,2026-07-21T06:35:00+00:00,UPTHRUST_1min_OBSERVATIONAL,10493.1,SHORT,pre_open,SIGNATURE_MOMENT,,,uk100fut_extended_observational,,,,session_high,10495.1,-2.0,-0.27
2026-07-21T10:12:00+00:00,2026-07-21T10:11:00+00:00,SPRING_1min_OBSERVATIONAL,10557.1,LONG,cash,SIGNATURE_MOMENT,,,uk100fut_extended_observational,,,,session_high,10563.6,-6.5,-0.34
2026-07-21T10:50:00+00:00,2026-07-21T10:49:00+00:00,UPTHRUST_1min_OBSERVATIONAL,10557.6,SHORT,cash,SIGNATURE_MOMENT,,,uk100fut_extended_observational,,,,signal_swing_level,10549.6,8.0,0.48
2026-07-21T12:17:00+00:00,2026-07-21T12:16:00+00:00,SPRING_1min_OBSERVATIONAL,10536.6,LONG,cash,SIGNATURE_MOMENT,,,uk100fut_extended_observational,,,,signal_swing_level,10530.6,6.0,0.44
2026-07-22T05:27:00+00:00,2026-07-22T05:26:00+00:00,SPRING_1min_OBSERVATIONAL,10604.3,LONG,overnight_asia,SIGNATURE_MOMENT,,,uk100fut_extended_observational,,,,signal_swing_level,10607.3,-3.0,-0.44
2026-07-22T09:23:00+00:00,2026-07-22T09:22:00+00:00,UPTHRUST_1min_OBSERVATIONAL,10730.3,SHORT,cash,SIGNATURE_MOMENT,,,uk100fut_extended_observational,,,,session_high,10739.8,-9.5,-0.41
2026-07-22T09:32:00+00:00,2026-07-22T09:31:00+00:00,UPTHRUST_1min_OBSERVATIONAL,10720.6,SHORT,cash,SIGNATURE_MOMENT,,,uk100fut_extended_observational,,,,session_high,10739.8,-19.2,-0.79
2026-07-22T09:37:00+00:00,2026-07-22T09:36:00+00:00,SPRING_1min_OBSERVATIONAL,10699.3,LONG,cash,SIGNATURE_MOMENT,,,uk100fut_extended_observational,,,,session_high,10739.8,-40.5,-1.67
2026-07-22T09:42:00+00:00,2026-07-22T09:41:00+00:00,SPRING_1min_OBSERVATIONAL,10690.6,LONG,cash,SIGNATURE_MOMENT,,,uk100fut_extended_observational,,,,session_high,10739.8,-49.2,-2.02
2026-07-22T09:49:00+00:00,2026-07-22T09:48:00+00:00,SPRING_1min_OBSERVATIONAL,10692.8,LONG,cash,SIGNATURE_MOMENT,,,uk100fut_extended_observational,,,,session_high,10739.8,-47.0,-1.87
2026-07-22T09:54:00+00:00,2026-07-22T09:53:00+00:00,SPRING_1min_OBSERVATIONAL,10678.1,LONG,cash,SIGNATURE_MOMENT,,,uk100fut_extended_observational,,,,signal_swing_level,10624.8,53.3,2.12
2026-07-22T09:55:00+00:00,2026-07-22T09:54:00+00:00,SPRING_1min_OBSERVATIONAL,10677.8,LONG,cash,SIGNATURE_MOMENT,,,uk100fut_extended_observational,,,,signal_swing_level,10624.8,53.0,2.11
2026-07-22T10:00:00+00:00,2026-07-22T09:59:00+00:00,SPRING_1min_OBSERVATIONAL,10680.3,LONG,cash,SIGNATURE_MOMENT,,,uk100fut_extended_observational,,,,signal_swing_level,10624.8,55.5,2.2
2026-07-22T10:02:00+00:00,2026-07-22T10:01:00+00:00,UPTHRUST_1min_OBSERVATIONAL,10690.8,SHORT,cash,SIGNATURE_MOMENT,,,uk100fut_extended_observational,,,,session_high,10739.8,-49.0,-1.94
2026-07-22T10:06:00+00:00,2026-07-22T10:05:00+00:00,SPRING_1min_OBSERVATIONAL,10686.3,LONG,cash,SIGNATURE_MOMENT,,,uk100fut_extended_observational,,,,session_high,10739.8,-53.5,-2.12
2026-07-22T10:20:00+00:00,2026-07-22T10:19:00+00:00,SPRING_1min_OBSERVATIONAL,10681.1,LONG,cash,SIGNATURE_MOMENT,,,uk100fut_extended_observational,,,,signal_swing_level,10624.8,56.3,2.24
2026-07-22T10:50:00+00:00,2026-07-22T10:49:00+00:00,SPRING_1min_OBSERVATIONAL,10710.3,LONG,cash,SIGNATURE_MOMENT,,,uk100fut_extended_observational,,,,session_high,10739.8,-29.5,-1.22
2026-07-22T11:30:00+00:00,2026-07-22T11:29:00+00:00,SPRING_1min_OBSERVATIONAL,10713.1,LONG,cash,SIGNATURE_MOMENT,,,uk100fut_extended_observational,,,,session_high,10739.8,-26.7,-1.16
2026-07-22T11:46:00+00:00,2026-07-22T11:45:00+00:00,SPRING_1min_OBSERVATIONAL,10706.1,LONG,cash,SIGNATURE_MOMENT,,,uk100fut_extended_observational,,,,signal_swing_level,10677.8,28.3,1.26
2026-07-22T11:54:00+00:00,2026-07-22T11:53:00+00:00,SPRING_1min_OBSERVATIONAL,10723.1,LONG,cash,SIGNATURE_MOMENT,,,uk100fut_extended_observational,,,,session_high,10739.8,-16.7,-0.74
2026-07-22T11:58:00+00:00,2026-07-22T11:57:00+00:00,UPTHRUST_1min_OBSERVATIONAL,10734.6,SHORT,cash,SIGNATURE_MOMENT,,,uk100fut_extended_observational,,,,session_high,10739.8,-5.2,-0.23
2026-07-22T20:08:00+00:00,2026-07-22T20:07:00+00:00,UPTHRUST_1min_OBSERVATIONAL,10720.0,SHORT,post_close,SIGNATURE_MOMENT,,,uk100fut_extended_observational,,,,signal_swing_level,10717.8,2.2,0.25
2026-07-22T20:13:00+00:00,2026-07-22T20:12:00+00:00,UPTHRUST_1min_OBSERVATIONAL,10721.8,SHORT,post_close,SIGNATURE_MOMENT,,,uk100fut_extended_observational,,,,signal_swing_level,10717.8,4.0,0.45
2026-07-22T20:36:00+00:00,2026-07-22T20:35:00+00:00,SPRING_1min_OBSERVATIONAL,10721.8,LONG,overnight_asia,SIGNATURE_MOMENT,,,uk100fut_extended_observational,,,,session_low,10721.8,0.0,0.0
2026-07-22T20:38:00+00:00,2026-07-22T20:37:00+00:00,UPTHRUST_1min_OBSERVATIONAL,10721.8,SHORT,overnight_asia,SIGNATURE_MOMENT,,,uk100fut_extended_observational,,,,session_low,10720.0,1.8,0.19
2026-07-22T20:43:00+00:00,2026-07-22T20:42:00+00:00,UPTHRUST_1min_OBSERVATIONAL,10721.8,SHORT,overnight_asia,SIGNATURE_MOMENT,,,uk100fut_extended_observational,,,,session_low,10718.2,3.6,0.38
2026-07-22T20:45:00+00:00,2026-07-22T20:44:00+00:00,UPTHRUST_1min_OBSERVATIONAL,10720.8,SHORT,overnight_asia,SIGNATURE_MOMENT,,,uk100fut_extended_observational,,,,session_low,10718.2,2.6,0.26
2026-07-22T20:46:00+00:00,2026-07-22T20:45:00+00:00,SPRING_1min_OBSERVATIONAL,10718.8,LONG,overnight_asia,SIGNATURE_MOMENT,,,uk100fut_extended_observational,,,,session_low,10718.2,0.6,0.06
2026-07-22T20:54:00+00:00,2026-07-22T20:53:00+00:00,UPTHRUST_1min_OBSERVATIONAL,10723.6,SHORT,overnight_asia,SIGNATURE_MOMENT,,,uk100fut_extended_observational,,,,session_high,10726.3,-2.7,-0.27
2026-07-22T22:23:00+00:00,2026-07-22T22:22:00+00:00,UPTHRUST_1min_OBSERVATIONAL,10710.2,SHORT,overnight_asia,SIGNATURE_MOMENT,,,uk100fut_extended_observational,,,,signal_swing_level,10707.8,2.4,0.23
2026-07-22T22:47:00+00:00,2026-07-22T22:46:00+00:00,SPRING_1min_OBSERVATIONAL,10700.7,LONG,overnight_asia,SIGNATURE_MOMENT,,,uk100fut_extended_observational,,,,session_low,10700.0,0.7,0.07
2026-07-23T03:14:00+00:00,2026-07-23T03:13:00+00:00,SPRING_1min_OBSERVATIONAL,10706.7,LONG,overnight_asia,SIGNATURE_MOMENT,,,uk100fut_extended_observational,,,,signal_swing_level,10707.8,-1.1,-0.12
2026-07-23T03:27:00+00:00,2026-07-23T03:26:00+00:00,SPRING_1min_OBSERVATIONAL,10710.3,LONG,overnight_asia,SIGNATURE_MOMENT,,,uk100fut_extended_observational,,,,signal_swing_level,10707.8,2.5,0.25
2026-07-23T04:10:00+00:00,2026-07-23T04:09:00+00:00,UPTHRUST_1min_OBSERVATIONAL,10716.5,SHORT,overnight_asia,SIGNATURE_MOMENT,,,uk100fut_extended_observational,,,,signal_swing_level,10717.8,-1.3,-0.15
2026-07-23T04:17:00+00:00,2026-07-23T04:16:00+00:00,UPTHRUST_1min_OBSERVATIONAL,10718.8,SHORT,overnight_asia,SIGNATURE_MOMENT,,,uk100fut_extended_observational,,,,signal_swing_level,10717.8,1.0,0.12
2026-07-23T05:25:00+00:00,2026-07-23T05:24:00+00:00,SPRING_1min_OBSERVATIONAL,10715.8,LONG,overnight_asia,SIGNATURE_MOMENT,,,uk100fut_extended_observational,,,,signal_swing_level,10714.7,1.1,0.14
2026-07-23T07:12:00+00:00,2026-07-23T07:11:00+00:00,SPRING_1min_OBSERVATIONAL,10665.1,LONG,cash,SIGNATURE_MOMENT,,,uk100fut_extended_observational,,,,session_low,10665.1,0.0,0.0
2026-07-23T07:17:00+00:00,2026-07-23T07:16:00+00:00,SPRING_1min_OBSERVATIONAL,10678.6,LONG,cash,SIGNATURE_MOMENT,,,uk100fut_extended_observational,,,,signal_swing_level,10677.8,0.8,0.06
2026-07-23T07:30:00+00:00,2026-07-23T07:29:00+00:00,SPRING_1min_OBSERVATIONAL,10702.8,LONG,cash,SIGNATURE_MOMENT,,,uk100fut_extended_observational,,,,signal_swing_level,10700.0,2.8,0.19
2026-07-23T12:50:00+00:00,2026-07-23T12:49:00+00:00,SPRING_1min_OBSERVATIONAL,10634.3,LONG,cash,SIGNATURE_MOMENT,,,uk100fut_extended_observational,,,,session_low,10634.3,0.0,0.0
2026-07-23T12:53:00+00:00,2026-07-23T12:52:00+00:00,SPRING_1min_OBSERVATIONAL,10646.8,LONG,cash,SIGNATURE_MOMENT,,,uk100fut_extended_observational,,,,signal_swing_level,10654.3,-7.5,-0.39
2026-07-23T13:12:00+00:00,2026-07-23T13:11:00+00:00,SPRING_1min_OBSERVATIONAL,10610.8,LONG,cash,SIGNATURE_MOMENT,,,uk100fut_extended_observational,,,,session_low,10609.3,1.5,0.07
2026-07-23T13:24:00+00:00,2026-07-23T13:23:00+00:00,SPRING_1min_OBSERVATIONAL,10620.8,LONG,cash,SIGNATURE_MOMENT,,,uk100fut_extended_observational,,,,session_low,10609.3,11.5,0.54
2026-07-23T14:32:00+00:00,2026-07-23T14:31:00+00:00,UPTHRUST_1min_OBSERVATIONAL,10636.1,SHORT,cash,SIGNATURE_MOMENT,,,uk100fut_extended_observational,,,,signal_swing_level,10654.3,-18.2,-0.72
2026-07-23T15:59:00+00:00,2026-07-23T15:58:00+00:00,SPRING_1min_OBSERVATIONAL,10630.8,LONG,post_close,SIGNATURE_MOMENT,,,uk100fut_extended_observational,,,,session_low,10609.3,21.5,0.85
2026-07-23T16:18:00+00:00,2026-07-23T16:17:00+00:00,SPRING_1min_OBSERVATIONAL,10637.6,LONG,post_close,SIGNATURE_MOMENT,,,uk100fut_extended_observational,,,,signal_swing_level,10654.3,-16.7,-0.75
2026-07-23T17:31:00+00:00,2026-07-23T17:30:00+00:00,SPRING_1min_OBSERVATIONAL,10607.1,LONG,post_close,SIGNATURE_MOMENT,,,uk100fut_extended_observational,,,,signal_swing_level,10609.3,-2.2,-0.12
2026-07-23T17:48:00+00:00,2026-07-23T17:47:00+00:00,UPTHRUST_1min_OBSERVATIONAL,10615.1,SHORT,post_close,SIGNATURE_MOMENT,,,uk100fut_extended_observational,,,,signal_swing_level,10620.3,-5.2,-0.3
2026-07-23T20:11:00+00:00,2026-07-23T20:10:00+00:00,UPTHRUST_1min_OBSERVATIONAL,10621.5,SHORT,post_close,SIGNATURE_MOMENT,,,uk100fut_extended_observational,,,,signal_swing_level,10620.3,1.2,0.1
2026-07-23T20:13:00+00:00,2026-07-23T20:12:00+00:00,UPTHRUST_1min_OBSERVATIONAL,10622.9,SHORT,post_close,SIGNATURE_MOMENT,,,uk100fut_extended_observational,,,,signal_swing_level,10620.3,2.6,0.21
2026-07-23T20:36:00+00:00,2026-07-23T20:35:00+00:00,UPTHRUST_1min_OBSERVATIONAL,10625.4,SHORT,overnight_asia,SIGNATURE_MOMENT,,,uk100fut_extended_observational,,,,session_high,10626.1,-0.7,-0.06
2026-07-23T20:44:00+00:00,2026-07-23T20:43:00+00:00,UPTHRUST_1min_OBSERVATIONAL,10622.2,SHORT,overnight_asia,SIGNATURE_MOMENT,,,uk100fut_extended_observational,,,,session_low,10620.9,1.3,0.11
2026-07-23T22:41:00+00:00,2026-07-23T22:40:00+00:00,UPTHRUST_1min_OBSERVATIONAL,10616.2,SHORT,overnight_asia,SIGNATURE_MOMENT,,,uk100fut_extended_observational,,,,signal_swing_level,10620.3,-4.1,-0.42
2026-07-24T00:27:00+00:00,2026-07-24T00:26:00+00:00,UPTHRUST_1min_OBSERVATIONAL,10614.6,SHORT,overnight_asia,SIGNATURE_MOMENT,,,uk100fut_extended_observational,,,,signal_swing_level,10609.3,5.3,0.64
2026-07-24T02:51:00+00:00,2026-07-24T02:50:00+00:00,SPRING_1min_OBSERVATIONAL,10593.9,LONG,overnight_asia,SIGNATURE_MOMENT,,,uk100fut_extended_observational,,,,session_low,10593.9,0.0,0.0
2026-07-24T03:04:00+00:00,2026-07-24T03:03:00+00:00,SPRING_1min_OBSERVATIONAL,10591.2,LONG,overnight_asia,SIGNATURE_MOMENT,,,uk100fut_extended_observational,,,,session_low,10591.1,0.1,0.01
2026-07-24T03:39:00+00:00,2026-07-24T03:38:00+00:00,SPRING_1min_OBSERVATIONAL,10599.6,LONG,overnight_asia,SIGNATURE_MOMENT,,,uk100fut_extended_observational,,,,signal_swing_level,10601.9,-2.3,-0.22
2026-07-24T17:25:00+00:00,2026-07-24T17:24:00+00:00,SPRING_1min_OBSERVATIONAL,10737.6,LONG,post_close,SIGNATURE_MOMENT,,,uk100fut_extended_observational,,,,prior_session_high,10735.3,2.3,0.15
2026-07-24T18:37:00+00:00,2026-07-24T18:36:00+00:00,UPTHRUST_1min_OBSERVATIONAL,10722.6,SHORT,post_close,SIGNATURE_MOMENT,,,uk100fut_extended_observational,,,,signal_swing_level,10718.6,4.0,0.32
2026-07-24T19:20:00+00:00,2026-07-24T19:19:00+00:00,SPRING_1min_OBSERVATIONAL,10714.6,LONG,post_close,SIGNATURE_MOMENT,,,uk100fut_extended_observational,,,,signal_swing_level,10718.6,-4.0,-0.36
2026-07-24T19:40:00+00:00,2026-07-24T19:39:00+00:00,UPTHRUST_1min_OBSERVATIONAL,10725.6,SHORT,post_close,SIGNATURE_MOMENT,,,uk100fut_extended_observational,,,,signal_swing_level,10718.6,7.0,0.66
2026-07-26T22:16:00+00:00,2026-07-26T22:15:00+00:00,UPTHRUST_1min_OBSERVATIONAL,10778.1,SHORT,overnight_asia,SIGNATURE_MOMENT,,,uk100fut_extended_observational,,,,session_high,10781.3,-3.2,-0.23
2026-07-26T22:18:00+00:00,2026-07-26T22:17:00+00:00,UPTHRUST_1min_OBSERVATIONAL,10780.0,SHORT,overnight_asia,SIGNATURE_MOMENT,,,uk100fut_extended_observational,,,,session_high,10781.3,-1.3,-0.09
2026-07-27T00:28:00+00:00,2026-07-27T00:27:00+00:00,UPTHRUST_1min_OBSERVATIONAL,10748.2,SHORT,overnight_asia,SIGNATURE_MOMENT,,,uk100fut_extended_observational,,,,prior_session_high,10748.3,-0.1,-0.01
2026-07-27T00:36:00+00:00,2026-07-27T00:35:00+00:00,SPRING_1min_OBSERVATIONAL,10745.9,LONG,overnight_asia,SIGNATURE_MOMENT,,,uk100fut_extended_observational,,,,signal_swing_level,10745.1,0.8,0.05
2026-07-27T01:09:00+00:00,2026-07-27T01:08:00+00:00,UPTHRUST_1min_OBSERVATIONAL,10746.0,SHORT,overnight_asia,SIGNATURE_MOMENT,,,uk100fut_extended_observational,,,,signal_swing_level,10745.1,0.9,0.06
2026-07-27T01:35:00+00:00,2026-07-27T01:34:00+00:00,UPTHRUST_1min_OBSERVATIONAL,10743.9,SHORT,overnight_asia,SIGNATURE_MOMENT,,,uk100fut_extended_observational,,,,signal_swing_level,10745.1,-1.2,-0.08
2026-07-27T01:42:00+00:00,2026-07-27T01:41:00+00:00,UPTHRUST_1min_OBSERVATIONAL,10750.1,SHORT,overnight_asia,SIGNATURE_MOMENT,,,uk100fut_extended_observational,,,,prior_session_high,10748.3,1.8,0.12
2026-07-27T01:52:00+00:00,2026-07-27T01:51:00+00:00,SPRING_1min_OBSERVATIONAL,10740.9,LONG,overnight_asia,SIGNATURE_MOMENT,,,uk100fut_extended_observational,,,,signal_swing_level,10745.1,-4.2,-0.35
2026-07-27T03:03:00+00:00,2026-07-27T03:02:00+00:00,UPTHRUST_1min_OBSERVATIONAL,10758.7,SHORT,overnight_asia,SIGNATURE_MOMENT,,,uk100fut_extended_observational,,,,prior_session_high,10748.3,10.4,0.81
2026-07-27T12:52:00+00:00,2026-07-27T12:51:00+00:00,SPRING_1min_OBSERVATIONAL,10771.8,LONG,cash,SIGNATURE_MOMENT,,,uk100fut_extended_observational,,,,signal_swing_level,10771.8,0.0,0.0
2026-07-27T14:36:00+00:00,2026-07-27T14:35:00+00:00,SPRING_1min_OBSERVATIONAL,10798.3,LONG,cash,SIGNATURE_MOMENT,,,uk100fut_extended_observational,,,,signal_swing_level,10792.3,6.0,0.37
2026-07-27T16:27:00+00:00,2026-07-27T16:26:00+00:00,UPTHRUST_1min_OBSERVATIONAL,10790.1,SHORT,post_close,SIGNATURE_MOMENT,,,uk100fut_extended_observational,,,,signal_swing_level,10792.3,-2.2,-0.12
2026-07-27T16:33:00+00:00,2026-07-27T16:32:00+00:00,UPTHRUST_1min_OBSERVATIONAL,10791.6,SHORT,post_close,SIGNATURE_MOMENT,,,uk100fut_extended_observational,,,,signal_swing_level,10792.3,-0.7,-0.04
2026-07-27T16:37:00+00:00,2026-07-27T16:36:00+00:00,SPRING_1min_OBSERVATIONAL,10787.6,LONG,post_close,SIGNATURE_MOMENT,,,uk100fut_extended_observational,,,,signal_swing_level,10792.3,-4.7,-0.24
2026-07-27T16:45:00+00:00,2026-07-27T16:44:00+00:00,SPRING_1min_OBSERVATIONAL,10779.6,LONG,post_close,SIGNATURE_MOMENT,,,uk100fut_extended_observational,,,,signal_swing_level,10771.6,8.0,0.41
2026-07-27T17:55:00+00:00,2026-07-27T17:54:00+00:00,UPTHRUST_1min_OBSERVATIONAL,10770.8,SHORT,post_close,SIGNATURE_MOMENT,,,uk100fut_extended_observational,,,,signal_swing_level,10771.6,-0.8,-0.05
2026-07-27T23:53:00+00:00,2026-07-27T23:52:00+00:00,UPTHRUST_1min_OBSERVATIONAL,10794.5,SHORT,overnight_asia,SIGNATURE_MOMENT,,,uk100fut_extended_observational,,,,signal_swing_level,10793.6,0.9,0.14
2026-07-28T00:30:00+00:00,2026-07-28T00:29:00+00:00,SPRING_1min_OBSERVATIONAL,10768.4,LONG,overnight_asia,SIGNATURE_MOMENT,,,uk100fut_extended_observational,,,,session_low,10768.4,0.0,0.0
2026-07-28T04:02:00+00:00,2026-07-28T04:01:00+00:00,UPTHRUST_1min_OBSERVATIONAL,10789.9,SHORT,overnight_asia,SIGNATURE_MOMENT,,,uk100fut_extended_observational,,,,signal_swing_level,10784.6,5.3,0.51
2026-07-28T04:18:00+00:00,2026-07-28T04:17:00+00:00,UPTHRUST_1min_OBSERVATIONAL,10780.7,SHORT,overnight_asia,SIGNATURE_MOMENT,,,uk100fut_extended_observational,,,,signal_swing_level,10784.6,-3.9,-0.37
2026-07-28T05:00:00+00:00,2026-07-28T04:59:00+00:00,SPRING_1min_OBSERVATIONAL,10771.0,LONG,overnight_asia,SIGNATURE_MOMENT,,,uk100fut_extended_observational,,,,signal_swing_level,10771.6,-0.6,-0.06
2026-07-28T11:01:00+00:00,2026-07-28T11:00:00+00:00,UPTHRUST_1min_OBSERVATIONAL,10840.1,SHORT,cash,SIGNATURE_MOMENT,,,uk100fut_extended_observational,,,,prior_session_high,10833.1,7.0,0.42
2026-07-28T11:06:00+00:00,2026-07-28T11:05:00+00:00,SPRING_1min_OBSERVATIONAL,10834.3,LONG,cash,SIGNATURE_MOMENT,,,uk100fut_extended_observational,,,,prior_session_high,10833.1,1.2,0.07
2026-07-28T11:08:00+00:00,2026-07-28T11:07:00+00:00,SPRING_1min_OBSERVATIONAL,10833.6,LONG,cash,SIGNATURE_MOMENT,,,uk100fut_extended_observational,,,,prior_session_high,10833.1,0.5,0.03
2026-07-28T15:11:00+00:00,2026-07-28T15:10:00+00:00,SPRING_1min_OBSERVATIONAL,10857.1,LONG,cash,SIGNATURE_MOMENT,,,uk100fut_extended_observational,,,,signal_swing_level,10856.6,0.5,0.03
2026-07-28T15:18:00+00:00,2026-07-28T15:17:00+00:00,SPRING_1min_OBSERVATIONAL,10871.1,LONG,cash,SIGNATURE_MOMENT,,,uk100fut_extended_observational,,,,session_high,10883.8,-12.7,-0.7
2026-07-28T20:07:00+00:00,2026-07-28T20:06:00+00:00,SPRING_1min_OBSERVATIONAL,10888.4,LONG,post_close,SIGNATURE_MOMENT,,,uk100fut_extended_observational,,,,signal_swing_level,10887.3,1.1,0.13
2026-07-28T22:15:00+00:00,2026-07-28T22:14:00+00:00,SPRING_1min_OBSERVATIONAL,10895.0,LONG,overnight_asia,SIGNATURE_MOMENT,,,uk100fut_extended_observational,,,,session_low,10895.0,0.0,0.0
2026-07-28T22:20:00+00:00,2026-07-28T22:19:00+00:00,SPRING_1min_OBSERVATIONAL,10891.9,LONG,overnight_asia,SIGNATURE_MOMENT,,,uk100fut_extended_observational,,,,session_low,10891.9,0.0,0.0
2026-07-28T22:31:00+00:00,2026-07-28T22:30:00+00:00,UPTHRUST_1min_OBSERVATIONAL,10892.9,SHORT,overnight_asia,SIGNATURE_MOMENT,,,uk100fut_extended_observational,,,,signal_swing_level,10888.4,4.5,0.59
2026-07-28T22:32:00+00:00,2026-07-28T22:31:00+00:00,UPTHRUST_1min_OBSERVATIONAL,10892.8,SHORT,overnight_asia,SIGNATURE_MOMENT,,,uk100fut_extended_observational,,,,signal_swing_level,10888.4,4.4,0.58
2026-07-28T22:42:00+00:00,2026-07-28T22:41:00+00:00,SPRING_1min_OBSERVATIONAL,10882.7,LONG,overnight_asia,SIGNATURE_MOMENT,,,uk100fut_extended_observational,,,,signal_swing_level,10883.8,-1.1,-0.14
2026-07-28T22:47:00+00:00,2026-07-28T22:46:00+00:00,SPRING_1min_OBSERVATIONAL,10880.9,LONG,overnight_asia,SIGNATURE_MOMENT,,,uk100fut_extended_observational,,,,session_low,10880.6,0.3,0.04
2026-07-28T22:51:00+00:00,2026-07-28T22:50:00+00:00,SPRING_1min_OBSERVATIONAL,10881.3,LONG,overnight_asia,SIGNATURE_MOMENT,,,uk100fut_extended_observational,,,,session_low,10880.6,0.7,0.09
2026-07-28T22:52:00+00:00,2026-07-28T22:51:00+00:00,SPRING_1min_OBSERVATIONAL,10881.8,LONG,overnight_asia,SIGNATURE_MOMENT,,,uk100fut_extended_observational,,,,session_low,10880.6,1.2,0.15
2026-07-28T23:17:00+00:00,2026-07-28T23:16:00+00:00,SPRING_1min_OBSERVATIONAL,10891.3,LONG,overnight_asia,SIGNATURE_MOMENT,,,uk100fut_extended_observational,,,,signal_swing_level,10888.4,2.9,0.33
2026-07-28T23:19:00+00:00,2026-07-28T23:18:00+00:00,UPTHRUST_1min_OBSERVATIONAL,10896.2,SHORT,overnight_asia,SIGNATURE_MOMENT,,,uk100fut_extended_observational,,,,session_high,10903.6,-7.4,-0.83
2026-07-28T23:28:00+00:00,2026-07-28T23:27:00+00:00,UPTHRUST_1min_OBSERVATIONAL,10902.3,SHORT,overnight_asia,SIGNATURE_MOMENT,,,uk100fut_extended_observational,,,,session_high,10903.6,-1.3,-0.15
2026-07-29T00:13:00+00:00,2026-07-29T00:12:00+00:00,SPRING_1min_OBSERVATIONAL,10899.7,LONG,overnight_asia,SIGNATURE_MOMENT,,,uk100fut_extended_observational,,,,signal_swing_level,10888.4,11.3,1.05
2026-07-29T00:50:00+00:00,2026-07-29T00:49:00+00:00,UPTHRUST_1min_OBSERVATIONAL,10901.7,SHORT,overnight_asia,SIGNATURE_MOMENT,,,uk100fut_extended_observational,,,,signal_swing_level,10911.1,-9.4,-0.77
2026-07-29T01:23:00+00:00,2026-07-29T01:22:00+00:00,UPTHRUST_1min_OBSERVATIONAL,10895.1,SHORT,overnight_asia,SIGNATURE_MOMENT,,,uk100fut_extended_observational,,,,signal_swing_level,10888.4,6.7,0.53
2026-07-29T01:31:00+00:00,2026-07-29T01:30:00+00:00,SPRING_1min_OBSERVATIONAL,10888.4,LONG,overnight_asia,SIGNATURE_MOMENT,,,uk100fut_extended_observational,,,,signal_swing_level,10888.4,0.0,0.0
2026-07-29T02:21:00+00:00,2026-07-29T02:20:00+00:00,UPTHRUST_1min_OBSERVATIONAL,10872.4,SHORT,overnight_asia,SIGNATURE_MOMENT,,,uk100fut_extended_observational,,,,signal_swing_level,10880.1,-7.7,-0.52
2026-07-29T02:27:00+00:00,2026-07-29T02:26:00+00:00,UPTHRUST_1min_OBSERVATIONAL,10871.3,SHORT,overnight_asia,SIGNATURE_MOMENT,,,uk100fut_extended_observational,,,,signal_swing_level,10880.1,-8.8,-0.6
2026-07-29T02:37:00+00:00,2026-07-29T02:36:00+00:00,UPTHRUST_1min_OBSERVATIONAL,10878.1,SHORT,overnight_asia,SIGNATURE_MOMENT,,,uk100fut_extended_observational,,,,signal_swing_level,10880.1,-2.0,-0.14
2026-07-29T02:58:00+00:00,2026-07-29T02:57:00+00:00,SPRING_1min_OBSERVATIONAL,10866.2,LONG,overnight_asia,SIGNATURE_MOMENT,,,uk100fut_extended_observational,,,,session_low,10858.7,7.5,0.53
2026-07-29T03:05:00+00:00,2026-07-29T03:04:00+00:00,SPRING_1min_OBSERVATIONAL,10865.2,LONG,overnight_asia,SIGNATURE_MOMENT,,,uk100fut_extended_observational,,,,session_low,10858.7,6.5,0.47
2026-07-29T03:27:00+00:00,2026-07-29T03:26:00+00:00,UPTHRUST_1min_OBSERVATIONAL,10858.7,SHORT,overnight_asia,SIGNATURE_MOMENT,,,uk100fut_extended_observational,,,,signal_swing_level,10858.7,0.0,0.0
2026-07-29T04:05:00+00:00,2026-07-29T04:04:00+00:00,SPRING_1min_OBSERVATIONAL,10842.5,LONG,overnight_asia,SIGNATURE_MOMENT,,,uk100fut_extended_observational,,,,session_low,10841.6,0.9,0.08
2026-07-29T04:46:00+00:00,2026-07-29T04:45:00+00:00,SPRING_1min_OBSERVATIONAL,10831.4,LONG,overnight_asia,SIGNATURE_MOMENT,,,uk100fut_extended_observational,,,,session_low,10831.4,0.0,0.0
2026-07-29T04:50:00+00:00,2026-07-29T04:49:00+00:00,SPRING_1min_OBSERVATIONAL,10834.3,LONG,overnight_asia,SIGNATURE_MOMENT,,,uk100fut_extended_observational,,,,session_low,10831.4,2.9,0.24
2026-07-29T04:54:00+00:00,2026-07-29T04:53:00+00:00,UPTHRUST_1min_OBSERVATIONAL,10843.0,SHORT,overnight_asia,SIGNATURE_MOMENT,,,uk100fut_extended_observational,,,,signal_swing_level,10853.6,-10.6,-0.89
2026-07-29T05:20:00+00:00,2026-07-29T05:19:00+00:00,UPTHRUST_1min_OBSERVATIONAL,10862.6,SHORT,overnight_asia,SIGNATURE_MOMENT,,,uk100fut_extended_observational,,,,signal_swing_level,10858.7,3.9,0.31
2026-07-29T05:50:00+00:00,2026-07-29T05:49:00+00:00,UPTHRUST_1min_OBSERVATIONAL,10869.1,SHORT,overnight_asia,SIGNATURE_MOMENT,,,uk100fut_extended_observational,,,,signal_swing_level,10858.7,10.4,0.89
2026-07-29T05:52:00+00:00,2026-07-29T05:51:00+00:00,SPRING_1min_OBSERVATIONAL,10863.3,LONG,overnight_asia,SIGNATURE_MOMENT,,,uk100fut_extended_observational,,,,signal_swing_level,10858.7,4.6,0.39
2026-07-29T08:33:00+00:00,2026-07-29T08:32:00+00:00,SPRING_1min_OBSERVATIONAL,10882.8,LONG,cash,SIGNATURE_MOMENT,,,uk100fut_extended_observational,,,,signal_swing_level,10883.8,-1.0,-0.05
2026-07-29T10:54:00+00:00,2026-07-29T10:53:00+00:00,UPTHRUST_1min_OBSERVATIONAL,10895.1,SHORT,cash,SIGNATURE_MOMENT,,,uk100fut_extended_observational,,,,signal_swing_level,10888.4,6.7,0.39
2026-07-29T12:19:00+00:00,2026-07-29T12:18:00+00:00,SPRING_1min_OBSERVATIONAL,10875.1,LONG,cash,SIGNATURE_MOMENT,,,uk100fut_extended_observational,,,,signal_swing_level,10880.1,-5.0,-0.35
2026-07-29T12:23:00+00:00,2026-07-29T12:22:00+00:00,SPRING_1min_OBSERVATIONAL,10872.1,LONG,cash,SIGNATURE_MOMENT,,,uk100fut_extended_observational,,,,signal_swing_level,10880.1,-8.0,-0.56
2026-07-29T12:24:00+00:00,2026-07-29T12:23:00+00:00,SPRING_1min_OBSERVATIONAL,10879.1,LONG,cash,SIGNATURE_MOMENT,,,uk100fut_extended_observational,,,,signal_swing_level,10880.1,-1.0,-0.07
2026-07-29T12:25:00+00:00,2026-07-29T12:24:00+00:00,UPTHRUST_1min_OBSERVATIONAL,10886.3,SHORT,cash,SIGNATURE_MOMENT,,,uk100fut_extended_observational,,,,signal_swing_level,10888.4,-2.1,-0.15
2026-07-29T12:31:00+00:00,2026-07-29T12:30:00+00:00,SPRING_1min_OBSERVATIONAL,10878.1,LONG,cash,SIGNATURE_MOMENT,,,uk100fut_extended_observational,,,,signal_swing_level,10880.1,-2.0,-0.13
2026-07-29T13:23:00+00:00,2026-07-29T13:22:00+00:00,UPTHRUST_1min_OBSERVATIONAL,10898.6,SHORT,cash,SIGNATURE_MOMENT,,,uk100fut_extended_observational,,,,signal_swing_level,10905.1,-6.5,-0.41
2026-07-29T16:01:00+00:00,2026-07-29T16:00:00+00:00,UPTHRUST_1min_OBSERVATIONAL,10897.6,SHORT,post_close,SIGNATURE_MOMENT,,,uk100fut_extended_observational,,,,signal_swing_level,10888.4,9.2,0.46
2026-07-29T17:33:00+00:00,2026-07-29T17:32:00+00:00,SPRING_1min_OBSERVATIONAL,10877.6,LONG,post_close,SIGNATURE_MOMENT,,,uk100fut_extended_observational,,,,signal_swing_level,10880.1,-2.5,-0.14
2026-07-29T18:03:00+00:00,2026-07-29T18:02:00+00:00,UPTHRUST_1min_OBSERVATIONAL,10888.8,SHORT,post_close,SIGNATURE_MOMENT,,,uk100fut_extended_observational,,,,signal_swing_level,10888.4,0.4,0.02
2026-07-29T18:06:00+00:00,2026-07-29T18:05:00+00:00,UPTHRUST_1min_OBSERVATIONAL,10886.8,SHORT,post_close,SIGNATURE_MOMENT,,,uk100fut_extended_observational,,,,signal_swing_level,10888.4,-1.6,-0.1
2026-07-29T18:07:00+00:00,2026-07-29T18:06:00+00:00,UPTHRUST_1min_OBSERVATIONAL,10883.8,SHORT,post_close,SIGNATURE_MOMENT,,,uk100fut_extended_observational,,,,signal_swing_level,10883.8,0.0,0.0
2026-07-29T18:10:00+00:00,2026-07-29T18:09:00+00:00,SPRING_1min_OBSERVATIONAL,10876.8,LONG,post_close,SIGNATURE_MOMENT,,,uk100fut_extended_observational,,,,signal_swing_level,10880.1,-3.3,-0.2
2026-07-29T18:24:00+00:00,2026-07-29T18:23:00+00:00,UPTHRUST_1min_OBSERVATIONAL,10876.3,SHORT,post_close,SIGNATURE_MOMENT,,,uk100fut_extended_observational,,,,signal_swing_level,10880.1,-3.8,-0.25
2026-07-29T18:30:00+00:00,2026-07-29T18:29:00+00:00,SPRING_1min_OBSERVATIONAL,10879.3,LONG,post_close,SIGNATURE_MOMENT,,,uk100fut_extended_observational,,,,signal_swing_level,10880.1,-0.8,-0.05
2026-07-29T18:34:00+00:00,2026-07-29T18:33:00+00:00,SPRING_1min_OBSERVATIONAL,10876.6,LONG,post_close,SIGNATURE_MOMENT,,,uk100fut_extended_observational,,,,signal_swing_level,10880.1,-3.5,-0.23
2026-07-29T18:42:00+00:00,2026-07-29T18:41:00+00:00,UPTHRUST_1min_OBSERVATIONAL,10905.3,SHORT,post_close,SIGNATURE_MOMENT,,,uk100fut_extended_observational,,,,signal_swing_level,10909.1,-3.8,-0.24
2026-07-29T19:00:00+00:00,2026-07-29T18:59:00+00:00,SPRING_1min_OBSERVATIONAL,10909.6,LONG,post_close,SIGNATURE_MOMENT,,,uk100fut_extended_observational,,,,signal_swing_level,10909.1,0.5,0.03
2026-07-29T19:09:00+00:00,2026-07-29T19:08:00+00:00,UPTHRUST_1min_OBSERVATIONAL,10888.6,SHORT,post_close,SIGNATURE_MOMENT,,,uk100fut_extended_observational,,,,signal_swing_level,10888.4,0.2,0.01
2026-07-29T19:13:00+00:00,2026-07-29T19:12:00+00:00,SPRING_1min_OBSERVATIONAL,10877.6,LONG,post_close,SIGNATURE_MOMENT,,,uk100fut_extended_observational,,,,signal_swing_level,10880.1,-2.5,-0.16
2026-07-29T19:23:00+00:00,2026-07-29T19:22:00+00:00,SPRING_1min_OBSERVATIONAL,10853.8,LONG,post_close,SIGNATURE_MOMENT,,,uk100fut_extended_observational,,,,signal_swing_level,10853.6,0.2,0.01
2026-07-29T19:27:00+00:00,2026-07-29T19:26:00+00:00,SPRING_1min_OBSERVATIONAL,10847.8,LONG,post_close,SIGNATURE_MOMENT,,,uk100fut_extended_observational,,,,signal_swing_level,10853.6,-5.8,-0.35
2026-07-29T19:31:00+00:00,2026-07-29T19:30:00+00:00,SPRING_1min_OBSERVATIONAL,10851.1,LONG,post_close,SIGNATURE_MOMENT,,,uk100fut_extended_observational,,,,signal_swing_level,10853.6,-2.5,-0.14
2026-07-29T19:32:00+00:00,2026-07-29T19:31:00+00:00,SPRING_1min_OBSERVATIONAL,10854.1,LONG,post_close,SIGNATURE_MOMENT,,,uk100fut_extended_observational,,,,signal_swing_level,10853.6,0.5,0.03
2026-07-29T19:35:00+00:00,2026-07-29T19:34:00+00:00,SPRING_1min_OBSERVATIONAL,10835.8,LONG,post_close,SIGNATURE_MOMENT,,,uk100fut_extended_observational,,,,session_low,10831.4,4.4,0.24
2026-07-29T19:44:00+00:00,2026-07-29T19:43:00+00:00,SPRING_1min_OBSERVATIONAL,10819.6,LONG,post_close,SIGNATURE_MOMENT,,,uk100fut_extended_observational,,,,session_low,10819.6,0.0,0.0
2026-07-29T19:56:00+00:00,2026-07-29T19:55:00+00:00,SPRING_1min_OBSERVATIONAL,10819.5,LONG,post_close,SIGNATURE_MOMENT,,,uk100fut_extended_observational,,,,session_low,10817.1,2.4,0.12
2026-07-29T20:13:00+00:00,2026-07-29T20:12:00+00:00,SPRING_1min_OBSERVATIONAL,10811.1,LONG,post_close,SIGNATURE_MOMENT,,,uk100fut_extended_observational,,,,session_low,10804.0,7.1,0.36
2026-07-29T20:36:00+00:00,2026-07-29T20:35:00+00:00,UPTHRUST_1min_OBSERVATIONAL,10825.4,SHORT,overnight_asia,SIGNATURE_MOMENT,,,uk100fut_extended_observational,,,,session_high,10825.4,0.0,0.0
2026-07-29T20:51:00+00:00,2026-07-29T20:50:00+00:00,SPRING_1min_OBSERVATIONAL,10817.8,LONG,overnight_asia,SIGNATURE_MOMENT,,,uk100fut_extended_observational,,,,session_low,10807.2,10.6,0.48
2026-07-29T20:53:00+00:00,2026-07-29T20:52:00+00:00,SPRING_1min_OBSERVATIONAL,10820.4,LONG,overnight_asia,SIGNATURE_MOMENT,,,uk100fut_extended_observational,,,,session_high,10829.4,-9.0,-0.41
2026-07-29T20:56:00+00:00,2026-07-29T20:55:00+00:00,UPTHRUST_1min_OBSERVATIONAL,10826.8,SHORT,overnight_asia,SIGNATURE_MOMENT,,,uk100fut_extended_observational,,,,session_high,10829.4,-2.6,-0.12
2026-07-29T22:13:00+00:00,2026-07-29T22:12:00+00:00,SPRING_1min_OBSERVATIONAL,10847.6,LONG,overnight_asia,SIGNATURE_MOMENT,,,uk100fut_extended_observational,,,,session_high,10851.6,-4.0,-0.18
2026-07-29T22:18:00+00:00,2026-07-29T22:17:00+00:00,SPRING_1min_OBSERVATIONAL,10849.3,LONG,overnight_asia,SIGNATURE_MOMENT,,,uk100fut_extended_observational,,,,session_high,10852.0,-2.7,-0.11
2026-07-29T22:20:00+00:00,2026-07-29T22:19:00+00:00,UPTHRUST_1min_OBSERVATIONAL,10854.1,SHORT,overnight_asia,SIGNATURE_MOMENT,,,uk100fut_extended_observational,,,,session_high,10854.1,0.0,0.0
2026-07-29T22:22:00+00:00,2026-07-29T22:21:00+00:00,UPTHRUST_1min_OBSERVATIONAL,10849.1,SHORT,overnight_asia,SIGNATURE_MOMENT,,,uk100fut_extended_observational,,,,signal_swing_level,10853.6,-4.5,-0.19
2026-07-29T22:36:00+00:00,2026-07-29T22:35:00+00:00,SPRING_1min_OBSERVATIONAL,10842.5,LONG,overnight_asia,SIGNATURE_MOMENT,,,uk100fut_extended_observational,,,,signal_swing_level,10853.6,-11.1,-0.47
2026-07-29T22:54:00+00:00,2026-07-29T22:53:00+00:00,SPRING_1min_OBSERVATIONAL,10842.8,LONG,overnight_asia,SIGNATURE_MOMENT,,,uk100fut_extended_observational,,,,signal_swing_level,10853.6,-10.8,-0.46
2026-07-29T23:15:00+00:00,2026-07-29T23:14:00+00:00,SPRING_1min_OBSERVATIONAL,10846.4,LONG,overnight_asia,SIGNATURE_MOMENT,,,uk100fut_extended_observational,,,,signal_swing_level,10853.6,-7.2,-0.32
2026-07-29T23:39:00+00:00,2026-07-29T23:38:00+00:00,UPTHRUST_1min_OBSERVATIONAL,10854.5,SHORT,overnight_asia,SIGNATURE_MOMENT,,,uk100fut_extended_observational,,,,signal_swing_level,10853.6,0.9,0.04
2026-07-29T23:44:00+00:00,2026-07-29T23:43:00+00:00,SPRING_1min_OBSERVATIONAL,10848.3,LONG,overnight_asia,SIGNATURE_MOMENT,,,uk100fut_extended_observational,,,,signal_swing_level,10853.6,-5.3,-0.26
2026-07-30T00:02:00+00:00,2026-07-30T00:01:00+00:00,UPTHRUST_1min_OBSERVATIONAL,10849.1,SHORT,overnight_asia,SIGNATURE_MOMENT,,,uk100fut_extended_observational,,,,signal_swing_level,10853.6,-4.5,-0.26
2026-07-30T00:10:00+00:00,2026-07-30T00:09:00+00:00,SPRING_1min_OBSERVATIONAL,10852.0,LONG,overnight_asia,SIGNATURE_MOMENT,,,uk100fut_extended_observational,,,,signal_swing_level,10853.6,-1.6,-0.09
2026-07-30T00:47:00+00:00,2026-07-30T00:46:00+00:00,SPRING_1min_OBSERVATIONAL,10827.8,LONG,overnight_asia,SIGNATURE_MOMENT,,,uk100fut_extended_observational,,,,signal_swing_level,10831.4,-3.6,-0.24
2026-07-30T00:57:00+00:00,2026-07-30T00:56:00+00:00,UPTHRUST_1min_OBSERVATIONAL,10834.5,SHORT,overnight_asia,SIGNATURE_MOMENT,,,uk100fut_extended_observational,,,,signal_swing_level,10831.4,3.1,0.21
2026-07-30T01:09:00+00:00,2026-07-30T01:08:00+00:00,UPTHRUST_1min_OBSERVATIONAL,10853.3,SHORT,overnight_asia,SIGNATURE_MOMENT,,,uk100fut_extended_observational,,,,signal_swing_level,10853.6,-0.3,-0.02
2026-07-30T01:11:00+00:00,2026-07-30T01:10:00+00:00,SPRING_1min_OBSERVATIONAL,10841.9,LONG,overnight_asia,SIGNATURE_MOMENT,,,uk100fut_extended_observational,,,,signal_swing_level,10831.4,10.5,0.78
2026-07-30T01:17:00+00:00,2026-07-30T01:16:00+00:00,SPRING_1min_OBSERVATIONAL,10841.0,LONG,overnight_asia,SIGNATURE_MOMENT,,,uk100fut_extended_observational,,,,signal_swing_level,10831.4,9.6,0.72
2026-07-30T02:43:00+00:00,2026-07-30T02:42:00+00:00,SPRING_1min_OBSERVATIONAL,10832.6,LONG,overnight_asia,SIGNATURE_MOMENT,,,uk100fut_extended_observational,,,,signal_swing_level,10831.4,1.2,0.1
2026-07-30T03:48:00+00:00,2026-07-30T03:47:00+00:00,UPTHRUST_1min_OBSERVATIONAL,10818.7,SHORT,overnight_asia,SIGNATURE_MOMENT,,,uk100fut_extended_observational,,,,signal_swing_level,10826.0,-7.3,-0.58
2026-07-30T03:49:00+00:00,2026-07-30T03:48:00+00:00,SPRING_1min_OBSERVATIONAL,10813.8,LONG,overnight_asia,SIGNATURE_MOMENT,,,uk100fut_extended_observational,,,,session_low,10807.2,6.6,0.52
2026-07-30T03:51:00+00:00,2026-07-30T03:50:00+00:00,SPRING_1min_OBSERVATIONAL,10818.1,LONG,overnight_asia,SIGNATURE_MOMENT,,,uk100fut_extended_observational,,,,signal_swing_level,10826.0,-7.9,-0.62
2026-07-30T03:55:00+00:00,2026-07-30T03:54:00+00:00,UPTHRUST_1min_OBSERVATIONAL,10822.8,SHORT,overnight_asia,SIGNATURE_MOMENT,,,uk100fut_extended_observational,,,,signal_swing_level,10826.0,-3.2,-0.25
2026-07-30T03:57:00+00:00,2026-07-30T03:56:00+00:00,SPRING_1min_OBSERVATIONAL,10819.6,LONG,overnight_asia,SIGNATURE_MOMENT,,,uk100fut_extended_observational,,,,signal_swing_level,10826.0,-6.4,-0.51
2026-07-30T04:03:00+00:00,2026-07-30T04:02:00+00:00,SPRING_1min_OBSERVATIONAL,10813.7,LONG,overnight_asia,SIGNATURE_MOMENT,,,uk100fut_extended_observational,,,,session_low,10807.2,6.5,0.52
2026-07-30T04:27:00+00:00,2026-07-30T04:26:00+00:00,SPRING_1min_OBSERVATIONAL,10812.3,LONG,overnight_asia,SIGNATURE_MOMENT,,,uk100fut_extended_observational,,,,session_low,10807.2,5.1,0.45
2026-07-30T04:29:00+00:00,2026-07-30T04:28:00+00:00,UPTHRUST_1min_OBSERVATIONAL,10818.8,SHORT,overnight_asia,SIGNATURE_MOMENT,,,uk100fut_extended_observational,,,,signal_swing_level,10826.0,-7.2,-0.63
2026-07-30T04:40:00+00:00,2026-07-30T04:39:00+00:00,SPRING_1min_OBSERVATIONAL,10809.0,LONG,overnight_asia,SIGNATURE_MOMENT,,,uk100fut_extended_observational,,,,session_low,10807.2,1.8,0.16
2026-07-30T04:45:00+00:00,2026-07-30T04:44:00+00:00,SPRING_1min_OBSERVATIONAL,10805.6,LONG,overnight_asia,SIGNATURE_MOMENT,,,uk100fut_extended_observational,,,,session_low,10805.5,0.1,0.01
2026-07-30T05:15:00+00:00,2026-07-30T05:14:00+00:00,SPRING_1min_OBSERVATIONAL,10787.5,LONG,overnight_asia,SIGNATURE_MOMENT,,,uk100fut_extended_observational,,,,session_low,10785.1,2.4,0.21
2026-07-30T05:21:00+00:00,2026-07-30T05:20:00+00:00,UPTHRUST_1min_OBSERVATIONAL,10800.5,SHORT,overnight_asia,SIGNATURE_MOMENT,,,uk100fut_extended_observational,,,,prior_session_low,10804.0,-3.5,-0.3
2026-07-30T05:37:00+00:00,2026-07-30T05:36:00+00:00,SPRING_1min_OBSERVATIONAL,10797.0,LONG,overnight_asia,SIGNATURE_MOMENT,,,uk100fut_extended_observational,,,,prior_session_low,10804.0,-7.0,-0.6
2026-07-30T05:38:00+00:00,2026-07-30T05:37:00+00:00,SPRING_1min_OBSERVATIONAL,10797.3,LONG,overnight_asia,SIGNATURE_MOMENT,,,uk100fut_extended_observational,,,,prior_session_low,10804.0,-6.7,-0.57
2026-07-30T05:41:00+00:00,2026-07-30T05:40:00+00:00,SPRING_1min_OBSERVATIONAL,10797.8,LONG,overnight_asia,SIGNATURE_MOMENT,,,uk100fut_extended_observational,,,,prior_session_low,10804.0,-6.2,-0.53
2026-07-30T08:34:00+00:00,2026-07-30T08:33:00+00:00,UPTHRUST_1min_OBSERVATIONAL,10964.1,SHORT,cash,SIGNATURE_MOMENT,,,uk100fut_extended_observational,,,,session_high,10970.8,-6.7,-0.22
2026-07-30T09:33:00+00:00,2026-07-30T09:32:00+00:00,UPTHRUST_1min_OBSERVATIONAL,10956.3,SHORT,cash,SIGNATURE_MOMENT,,,uk100fut_extended_observational,,,,prior_session_high,10949.3,7.0,0.21
2026-07-30T09:48:00+00:00,2026-07-30T09:47:00+00:00,SPRING_1min_OBSERVATIONAL,10946.6,LONG,cash,SIGNATURE_MOMENT,,,uk100fut_extended_observational,,,,prior_session_high,10949.3,-2.7,-0.08
2026-07-30T10:15:00+00:00,2026-07-30T10:14:00+00:00,SPRING_1min_OBSERVATIONAL,10900.6,LONG,cash,SIGNATURE_MOMENT,,,uk100fut_extended_observational,,,,signal_swing_level,10909.1,-8.5,-0.25
2026-07-30T10:19:00+00:00,2026-07-30T10:18:00+00:00,SPRING_1min_OBSERVATIONAL,10909.8,LONG,cash,SIGNATURE_MOMENT,,,uk100fut_extended_observational,,,,signal_swing_level,10909.1,0.7,0.02
2026-07-30T10:48:00+00:00,2026-07-30T10:47:00+00:00,SPRING_1min_OBSERVATIONAL,10898.1,LONG,cash,SIGNATURE_MOMENT,,,uk100fut_extended_observational,,,,signal_swing_level,10909.1,-11.0,-0.39
2026-07-30T10:49:00+00:00,2026-07-30T10:48:00+00:00,SPRING_1min_OBSERVATIONAL,10899.8,LONG,cash,SIGNATURE_MOMENT,,,uk100fut_extended_observational,,,,signal_swing_level,10909.1,-9.3,-0.33
2026-07-30T10:51:00+00:00,2026-07-30T10:50:00+00:00,SPRING_1min_OBSERVATIONAL,10905.1,LONG,cash,SIGNATURE_MOMENT,,,uk100fut_extended_observational,,,,signal_swing_level,10909.1,-4.0,-0.14
2026-07-30T11:06:00+00:00,2026-07-30T11:05:00+00:00,SPRING_1min_OBSERVATIONAL,10914.8,LONG,cash,SIGNATURE_MOMENT,,,uk100fut_extended_observational,,,,signal_swing_level,10909.1,5.7,0.21
2026-07-30T11:13:00+00:00,2026-07-30T11:12:00+00:00,UPTHRUST_1min_OBSERVATIONAL,10924.8,SHORT,cash,SIGNATURE_MOMENT,,,uk100fut_extended_observational,,,,signal_swing_level,10928.4,-3.6,-0.13
2026-07-30T11:56:00+00:00,2026-07-30T11:55:00+00:00,UPTHRUST_1min_OBSERVATIONAL,10945.1,SHORT,cash,SIGNATURE_MOMENT,,,uk100fut_extended_observational,,,,prior_session_high,10949.3,-4.2,-0.17
2026-07-30T12:42:00+00:00,2026-07-30T12:41:00+00:00,UPTHRUST_1min_OBSERVATIONAL,10934.1,SHORT,cash,SIGNATURE_MOMENT,,,uk100fut_extended_observational,,,,signal_swing_level,10928.4,5.7,0.25
2026-07-30T12:48:00+00:00,2026-07-30T12:47:00+00:00,SPRING_1min_OBSERVATIONAL,10935.1,LONG,cash,SIGNATURE_MOMENT,,,uk100fut_extended_observational,,,,signal_swing_level,10928.4,6.7,0.3
2026-07-30T13:14:00+00:00,2026-07-30T13:13:00+00:00,UPTHRUST_1min_OBSERVATIONAL,10960.1,SHORT,cash,SIGNATURE_MOMENT,,,uk100fut_extended_observational,,,,prior_session_high,10949.3,10.8,0.49
2026-07-30T13:18:00+00:00,2026-07-30T13:17:00+00:00,UPTHRUST_1min_OBSERVATIONAL,10962.1,SHORT,cash,SIGNATURE_MOMENT,,,uk100fut_extended_observational,,,,session_high,10971.6,-9.5,-0.42
2026-07-30T14:35:00+00:00,2026-07-30T14:34:00+00:00,UPTHRUST_1min_OBSERVATIONAL,10931.3,SHORT,cash,SIGNATURE_MOMENT,,,uk100fut_extended_observational,,,,signal_swing_level,10925.8,5.5,0.24
2026-07-30T14:51:00+00:00,2026-07-30T14:50:00+00:00,SPRING_1min_OBSERVATIONAL,10908.3,LONG,cash,SIGNATURE_MOMENT,,,uk100fut_extended_observational,,,,signal_swing_level,10909.1,-0.8,-0.04
2026-07-30T16:33:00+00:00,2026-07-30T16:32:00+00:00,SPRING_1min_OBSERVATIONAL,10911.1,LONG,post_close,SIGNATURE_MOMENT,,,uk100fut_extended_observational,,,,signal_swing_level,10909.1,2.0,0.1
2026-07-30T17:38:00+00:00,2026-07-30T17:37:00+00:00,UPTHRUST_1min_OBSERVATIONAL,10914.6,SHORT,post_close,SIGNATURE_MOMENT,,,uk100fut_extended_observational,,,,signal_swing_level,10909.1,5.5,0.35
2026-07-30T17:40:00+00:00,2026-07-30T17:39:00+00:00,UPTHRUST_1min_OBSERVATIONAL,10913.6,SHORT,post_close,SIGNATURE_MOMENT,,,uk100fut_extended_observational,,,,signal_swing_level,10909.1,4.5,0.29
2026-07-30T20:45:00+00:00,2026-07-30T20:44:00+00:00,SPRING_1min_OBSERVATIONAL,10933.0,LONG,overnight_asia,SIGNATURE_MOMENT,,,uk100fut_extended_observational,,,,session_low,10930.4,2.6,0.24
2026-07-30T20:52:00+00:00,2026-07-30T20:51:00+00:00,UPTHRUST_1min_OBSERVATIONAL,10931.2,SHORT,overnight_asia,SIGNATURE_MOMENT,,,uk100fut_extended_observational,,,,session_low,10928.9,2.3,0.21
2026-07-30T20:53:00+00:00,2026-07-30T20:52:00+00:00,UPTHRUST_1min_OBSERVATIONAL,10930.9,SHORT,overnight_asia,SIGNATURE_MOMENT,,,uk100fut_extended_observational,,,,signal_swing_level,10928.1,2.8,0.26
2026-07-30T20:57:00+00:00,2026-07-30T20:56:00+00:00,SPRING_1min_OBSERVATIONAL,10927.3,LONG,overnight_asia,SIGNATURE_MOMENT,,,uk100fut_extended_observational,,,,session_low,10927.3,0.0,0.0
2026-07-30T23:43:00+00:00,2026-07-30T23:42:00+00:00,UPTHRUST_1min_OBSERVATIONAL,10944.7,SHORT,overnight_asia,SIGNATURE_MOMENT,,,uk100fut_extended_observational,,,,session_high,10948.4,-3.7,-0.4
2026-07-31T11:21:00+00:00,2026-07-31T11:20:00+00:00,UPTHRUST_1min_OBSERVATIONAL,10924.6,SHORT,cash,SIGNATURE_MOMENT,,,uk100fut_extended_observational,,,,signal_swing_level,10928.1,-3.5,-0.2
2026-07-31T14:20:00+00:00,2026-07-31T14:19:00+00:00,UPTHRUST_1min_OBSERVATIONAL,10827.6,SHORT,cash,SIGNATURE_MOMENT,,,uk100fut_extended_observational,,,,session_low,10818.1,9.5,0.53
2026-07-31T15:29:00+00:00,2026-07-31T15:28:00+00:00,SPRING_1min_OBSERVATIONAL,10854.6,LONG,cash,SIGNATURE_MOMENT,,,uk100fut_extended_observational,,,,signal_swing_level,10868.8,-14.2,-0.74
2026-07-31T16:08:00+00:00,2026-07-31T16:07:00+00:00,SPRING_1min_OBSERVATIONAL,10855.6,LONG,post_close,SIGNATURE_MOMENT,,,uk100fut_extended_observational,,,,signal_swing_level,10868.8,-13.2,-0.61
2026-08-02T23:24:00+00:00,2026-08-02T23:23:00+00:00,UPTHRUST_1min_OBSERVATIONAL,10892.4,SHORT,overnight_asia,SIGNATURE_MOMENT,,,uk100fut_extended_observational,,,,session_low,10886.6,5.8,0.48
2026-07-14T07:47:00+00:00,2026-07-14T07:46:00+00:00,SPRING_1min_OBSERVATIONAL,10425.7,LONG,cash,SIGNATURE_MOMENT,,,uk100_full_2r,,,,session_low,10425.7,0.0,0.0
2026-07-14T07:49:00+00:00,2026-07-14T07:48:00+00:00,SPRING_1min_OBSERVATIONAL,10428.6,LONG,cash,SIGNATURE_MOMENT,,,uk100_full_2r,,,,signal_swing_level,10429.4,-0.8,-0.03
2026-07-14T07:53:00+00:00,2026-07-14T07:52:00+00:00,SPRING_1min_OBSERVATIONAL,10439.4,LONG,cash,SIGNATURE_MOMENT,,,uk100_full_2r,,,,signal_swing_level,10429.4,10.0,0.43
2026-07-14T08:00:00+00:00,2026-07-14T07:59:00+00:00,SPRING_1min_OBSERVATIONAL,10443.4,LONG,cash,SIGNATURE_MOMENT,,,uk100_full_2r,,,,signal_swing_level,10429.4,14.0,0.6
2026-07-14T08:15:00+00:00,2026-07-14T08:14:00+00:00,SPRING_1min_OBSERVATIONAL,10440.1,LONG,cash,SIGNATURE_MOMENT,,,uk100_full_2r,,,,signal_swing_level,10429.4,10.7,0.45
2026-07-14T09:19:00+00:00,2026-07-14T09:18:00+00:00,UPTHRUST_1min_OBSERVATIONAL,10441.3,SHORT,cash,SIGNATURE_MOMENT,,,uk100_full_2r,,,,signal_swing_level,10425.7,15.6,0.67
2026-07-14T10:30:00+00:00,2026-07-14T10:29:00+00:00,SPRING_1min_OBSERVATIONAL,10450.6,LONG,cash,SIGNATURE_MOMENT,,,uk100_full_2r,,,,prior_session_low,10463.9,-13.3,-0.64
2026-07-14T10:36:00+00:00,2026-07-14T10:35:00+00:00,SPRING_1min_OBSERVATIONAL,10448.7,LONG,cash,SIGNATURE_MOMENT,,,uk100_full_2r,,,,prior_session_low,10463.9,-15.2,-0.73
2026-07-14T10:39:00+00:00,2026-07-14T10:38:00+00:00,UPTHRUST_1min_OBSERVATIONAL,10463.5,SHORT,cash,SIGNATURE_MOMENT,,,uk100_full_2r,,,,prior_session_low,10463.9,-0.4,-0.02
2026-07-14T11:07:00+00:00,2026-07-14T11:06:00+00:00,UPTHRUST_1min_OBSERVATIONAL,10461.5,SHORT,cash,SIGNATURE_MOMENT,,,uk100_full_2r,,,,prior_session_low,10463.9,-2.4,-0.14
2026-07-14T11:16:00+00:00,2026-07-14T11:15:00+00:00,UPTHRUST_1min_OBSERVATIONAL,10464.5,SHORT,cash,SIGNATURE_MOMENT,,,uk100_full_2r,,,,signal_swing_level,10464.2,0.3,0.02
2026-07-14T11:17:00+00:00,2026-07-14T11:16:00+00:00,UPTHRUST_1min_OBSERVATIONAL,10463.4,SHORT,cash,SIGNATURE_MOMENT,,,uk100_full_2r,,,,prior_session_low,10463.9,-0.5,-0.03
2026-07-14T11:41:00+00:00,2026-07-14T11:40:00+00:00,UPTHRUST_1min_OBSERVATIONAL,10479.8,SHORT,cash,SIGNATURE_MOMENT,,,uk100_full_2r,,,,signal_swing_level,10482.8,-3.0,-0.19
2026-07-14T12:35:00+00:00,2026-07-14T12:34:00+00:00,UPTHRUST_1min_OBSERVATIONAL,10489.6,SHORT,cash,SIGNATURE_MOMENT,,,uk100_full_2r,,,,signal_swing_level,10490.9,-1.3,-0.08
2026-07-14T12:37:00+00:00,2026-07-14T12:36:00+00:00,SPRING_1min_OBSERVATIONAL,10482.5,LONG,cash,SIGNATURE_MOMENT,,,uk100_full_2r,,,,signal_swing_level,10484.1,-1.6,-0.1
2026-07-14T12:42:00+00:00,2026-07-14T12:41:00+00:00,SPRING_1min_OBSERVATIONAL,10486.0,LONG,cash,SIGNATURE_MOMENT,,,uk100_full_2r,,,,signal_swing_level,10484.1,1.9,0.12
2026-07-14T15:10:00+00:00,2026-07-14T15:09:00+00:00,UPTHRUST_1min_OBSERVATIONAL,10529.0,SHORT,cash,SIGNATURE_MOMENT,,,uk100_full_2r,,,,prior_session_high,10533.5,-4.5,-0.22
2026-07-14T15:11:00+00:00,2026-07-14T15:10:00+00:00,SPRING_1min_OBSERVATIONAL,10523.3,LONG,cash,SIGNATURE_MOMENT,,,uk100_full_2r,,,,signal_swing_level,10521.5,1.8,0.09
2026-07-17T08:14:00+00:00,2026-07-17T08:13:00+00:00,SPRING_1min_OBSERVATIONAL,10594.4,LONG,cash,SIGNATURE_MOMENT,,,uk100_full_2r,,,,prior_session_high,10563.8,30.6,1.53
2026-07-17T08:16:00+00:00,2026-07-17T08:15:00+00:00,UPTHRUST_1min_OBSERVATIONAL,10610.7,SHORT,cash,SIGNATURE_MOMENT,,,uk100_full_2r,,,,session_high,10625.6,-14.9,-0.71
2026-07-17T08:25:00+00:00,2026-07-17T08:24:00+00:00,UPTHRUST_1min_OBSERVATIONAL,10599.5,SHORT,cash,SIGNATURE_MOMENT,,,uk100_full_2r,,,,session_high,10625.6,-26.1,-1.24
2026-07-17T08:34:00+00:00,2026-07-17T08:33:00+00:00,UPTHRUST_1min_OBSERVATIONAL,10584.8,SHORT,cash,SIGNATURE_MOMENT,,,uk100_full_2r,,,,prior_session_high,10563.8,21.0,0.95
2026-07-17T08:42:00+00:00,2026-07-17T08:41:00+00:00,SPRING_1min_OBSERVATIONAL,10569.1,LONG,cash,SIGNATURE_MOMENT,,,uk100_full_2r,,,,prior_session_high,10563.8,5.3,0.24
2026-07-17T08:43:00+00:00,2026-07-17T08:42:00+00:00,SPRING_1min_OBSERVATIONAL,10570.0,LONG,cash,SIGNATURE_MOMENT,,,uk100_full_2r,,,,prior_session_high,10563.8,6.2,0.28
2026-07-17T08:56:00+00:00,2026-07-17T08:55:00+00:00,SPRING_1min_OBSERVATIONAL,10564.6,LONG,cash,SIGNATURE_MOMENT,,,uk100_full_2r,,,,prior_session_high,10563.8,0.8,0.03
2026-07-17T08:58:00+00:00,2026-07-17T08:57:00+00:00,UPTHRUST_1min_OBSERVATIONAL,10570.3,SHORT,cash,SIGNATURE_MOMENT,,,uk100_full_2r,,,,prior_session_high,10563.8,6.5,0.28
2026-07-17T08:59:00+00:00,2026-07-17T08:58:00+00:00,UPTHRUST_1min_OBSERVATIONAL,10568.7,SHORT,cash,SIGNATURE_MOMENT,,,uk100_full_2r,,,,prior_session_high,10563.8,4.9,0.21
2026-07-17T09:04:00+00:00,2026-07-17T09:03:00+00:00,SPRING_1min_OBSERVATIONAL,10544.1,LONG,cash,SIGNATURE_MOMENT,,,uk100_full_2r,,,,session_low,10542.6,1.5,0.06
2026-07-17T09:15:00+00:00,2026-07-17T09:14:00+00:00,UPTHRUST_1min_OBSERVATIONAL,10569.7,SHORT,cash,SIGNATURE_MOMENT,,,uk100_full_2r,,,,prior_session_high,10563.8,5.9,0.25
2026-07-17T09:22:00+00:00,2026-07-17T09:21:00+00:00,UPTHRUST_1min_OBSERVATIONAL,10562.8,SHORT,cash,SIGNATURE_MOMENT,,,uk100_full_2r,,,,prior_session_high,10563.8,-1.0,-0.04
2026-07-17T09:45:00+00:00,2026-07-17T09:44:00+00:00,UPTHRUST_1min_OBSERVATIONAL,10567.0,SHORT,cash,SIGNATURE_MOMENT,,,uk100_full_2r,,,,prior_session_high,10563.8,3.2,0.13
2026-07-17T10:45:00+00:00,2026-07-17T10:44:00+00:00,SPRING_1min_OBSERVATIONAL,10559.0,LONG,cash,SIGNATURE_MOMENT,,,uk100_full_2r,,,,signal_swing_level,10555.5,3.5,0.16
2026-07-17T10:46:00+00:00,2026-07-17T10:45:00+00:00,SPRING_1min_OBSERVATIONAL,10561.3,LONG,cash,SIGNATURE_MOMENT,,,uk100_full_2r,,,,prior_session_high,10563.8,-2.5,-0.11
2026-07-17T10:48:00+00:00,2026-07-17T10:47:00+00:00,SPRING_1min_OBSERVATIONAL,10563.7,LONG,cash,SIGNATURE_MOMENT,,,uk100_full_2r,,,,prior_session_high,10563.8,-0.1,-0.0
2026-07-17T13:23:00+00:00,2026-07-17T13:22:00+00:00,SPRING_1min_OBSERVATIONAL,10526.5,LONG,cash,SIGNATURE_MOMENT,,,uk100_full_2r,,,,session_low,10526.5,0.0,0.0
2026-07-17T13:29:00+00:00,2026-07-17T13:28:00+00:00,UPTHRUST_1min_OBSERVATIONAL,10542.1,SHORT,cash,SIGNATURE_MOMENT,,,uk100_full_2r,,,,signal_swing_level,10541.4,0.7,0.04
2026-07-17T13:48:00+00:00,2026-07-17T13:47:00+00:00,SPRING_1min_OBSERVATIONAL,10578.9,LONG,cash,SIGNATURE_MOMENT,,,uk100_full_2r,,,,signal_swing_level,10579.2,-0.3,-0.02
2026-07-20T11:33:00+00:00,2026-07-20T11:32:00+00:00,UPTHRUST_1min_OBSERVATIONAL,10596.1,SHORT,cash,SIGNATURE_MOMENT,,,uk100_full_2r,,,,session_high,10596.1,0.0,0.0
2026-07-20T11:34:00+00:00,2026-07-20T11:33:00+00:00,UPTHRUST_1min_OBSERVATIONAL,10593.0,SHORT,cash,SIGNATURE_MOMENT,,,uk100_full_2r,,,,session_high,10596.1,-3.1,-0.22
2026-07-20T11:42:00+00:00,2026-07-20T11:41:00+00:00,UPTHRUST_1min_OBSERVATIONAL,10592.8,SHORT,cash,SIGNATURE_MOMENT,,,uk100_full_2r,,,,session_high,10597.5,-4.7,-0.33
2026-07-20T11:52:00+00:00,2026-07-20T11:51:00+00:00,SPRING_1min_OBSERVATIONAL,10574.1,LONG,cash,SIGNATURE_MOMENT,,,uk100_full_2r,,,,signal_swing_level,10573.4,0.7,0.04
2026-07-20T12:08:00+00:00,2026-07-20T12:07:00+00:00,SPRING_1min_OBSERVATIONAL,10562.4,LONG,cash,SIGNATURE_MOMENT,,,uk100_full_2r,,,,signal_swing_level,10561.8,0.6,0.04
2026-07-20T13:00:00+00:00,2026-07-20T12:59:00+00:00,SPRING_1min_OBSERVATIONAL,10545.4,LONG,cash,SIGNATURE_MOMENT,,,uk100_full_2r,,,,signal_swing_level,10541.4,4.0,0.23
2026-07-20T15:07:00+00:00,2026-07-20T15:06:00+00:00,UPTHRUST_1min_OBSERVATIONAL,10522.1,SHORT,cash,SIGNATURE_MOMENT,,,uk100_full_2r,,,,signal_swing_level,10519.3,2.8,0.14
2026-07-21T10:12:00+00:00,2026-07-21T10:11:00+00:00,SPRING_1min_OBSERVATIONAL,10555.3,LONG,cash,SIGNATURE_MOMENT,,,uk100_full_2r,,,,session_high,10561.7,-6.4,-0.3
2026-07-21T12:17:00+00:00,2026-07-21T12:16:00+00:00,SPRING_1min_OBSERVATIONAL,10534.3,LONG,cash,SIGNATURE_MOMENT,,,uk100_full_2r,,,,signal_swing_level,10536.7,-2.4,-0.18
2026-07-22T08:07:00+00:00,2026-07-22T08:06:00+00:00,UPTHRUST_1min_OBSERVATIONAL,10642.6,SHORT,cash,SIGNATURE_MOMENT,,,uk100_full_2r,,,,session_high,10642.6,0.0,0.0
2026-07-22T09:23:00+00:00,2026-07-22T09:22:00+00:00,UPTHRUST_1min_OBSERVATIONAL,10724.9,SHORT,cash,SIGNATURE_MOMENT,,,uk100_full_2r,,,,session_high,10734.2,-9.3,-0.42
2026-07-22T09:25:00+00:00,2026-07-22T09:24:00+00:00,SPRING_1min_OBSERVATIONAL,10713.4,LONG,cash,SIGNATURE_MOMENT,,,uk100_full_2r,,,,session_high,10734.2,-20.8,-0.94
2026-07-22T09:32:00+00:00,2026-07-22T09:31:00+00:00,UPTHRUST_1min_OBSERVATIONAL,10715.4,SHORT,cash,SIGNATURE_MOMENT,,,uk100_full_2r,,,,session_high,10734.2,-18.8,-0.84
2026-07-22T09:37:00+00:00,2026-07-22T09:36:00+00:00,SPRING_1min_OBSERVATIONAL,10694.3,LONG,cash,SIGNATURE_MOMENT,,,uk100_full_2r,,,,session_high,10734.2,-39.9,-1.78
2026-07-22T09:42:00+00:00,2026-07-22T09:41:00+00:00,SPRING_1min_OBSERVATIONAL,10685.6,LONG,cash,SIGNATURE_MOMENT,,,uk100_full_2r,,,,session_high,10734.2,-48.6,-2.16
2026-07-22T09:49:00+00:00,2026-07-22T09:48:00+00:00,SPRING_1min_OBSERVATIONAL,10687.7,LONG,cash,SIGNATURE_MOMENT,,,uk100_full_2r,,,,session_high,10734.2,-46.5,-1.96
2026-07-22T09:54:00+00:00,2026-07-22T09:53:00+00:00,SPRING_1min_OBSERVATIONAL,10673.2,LONG,cash,SIGNATURE_MOMENT,,,uk100_full_2r,,,,session_high,10734.2,-61.0,-2.57
2026-07-22T09:55:00+00:00,2026-07-22T09:54:00+00:00,SPRING_1min_OBSERVATIONAL,10672.9,LONG,cash,SIGNATURE_MOMENT,,,uk100_full_2r,,,,session_high,10734.2,-61.3,-2.58
2026-07-22T10:00:00+00:00,2026-07-22T09:59:00+00:00,SPRING_1min_OBSERVATIONAL,10675.4,LONG,cash,SIGNATURE_MOMENT,,,uk100_full_2r,,,,session_high,10734.2,-58.8,-2.42
2026-07-22T10:06:00+00:00,2026-07-22T10:05:00+00:00,SPRING_1min_OBSERVATIONAL,10681.2,LONG,cash,SIGNATURE_MOMENT,,,uk100_full_2r,,,,session_high,10734.2,-53.0,-2.18
2026-07-22T10:20:00+00:00,2026-07-22T10:19:00+00:00,SPRING_1min_OBSERVATIONAL,10676.2,LONG,cash,SIGNATURE_MOMENT,,,uk100_full_2r,,,,session_high,10734.2,-58.0,-2.39
2026-07-22T11:30:00+00:00,2026-07-22T11:29:00+00:00,SPRING_1min_OBSERVATIONAL,10707.9,LONG,cash,SIGNATURE_MOMENT,,,uk100_full_2r,,,,session_high,10734.2,-26.3,-1.16
2026-07-22T11:46:00+00:00,2026-07-22T11:45:00+00:00,SPRING_1min_OBSERVATIONAL,10700.9,LONG,cash,SIGNATURE_MOMENT,,,uk100_full_2r,,,,signal_swing_level,10672.9,28.0,1.26
2026-07-22T11:54:00+00:00,2026-07-22T11:53:00+00:00,SPRING_1min_OBSERVATIONAL,10717.6,LONG,cash,SIGNATURE_MOMENT,,,uk100_full_2r,,,,session_high,10734.2,-16.6,-0.75
2026-07-22T11:58:00+00:00,2026-07-22T11:57:00+00:00,UPTHRUST_1min_OBSERVATIONAL,10729.0,SHORT,cash,SIGNATURE_MOMENT,,,uk100_full_2r,,,,session_high,10734.2,-5.2,-0.23
2026-07-23T07:12:00+00:00,2026-07-23T07:11:00+00:00,SPRING_1min_OBSERVATIONAL,10660.7,LONG,cash,SIGNATURE_MOMENT,,,uk100_full_2r,,,,session_low,10660.7,0.0,0.0
2026-07-23T07:17:00+00:00,2026-07-23T07:16:00+00:00,SPRING_1min_OBSERVATIONAL,10674.2,LONG,cash,SIGNATURE_MOMENT,,,uk100_full_2r,,,,signal_swing_level,10672.9,1.3,0.06
2026-07-23T12:50:00+00:00,2026-07-23T12:49:00+00:00,SPRING_1min_OBSERVATIONAL,10635.0,LONG,cash,SIGNATURE_MOMENT,,,uk100_full_2r,,,,session_low,10635.0,0.0,0.0
2026-07-23T12:53:00+00:00,2026-07-23T12:52:00+00:00,SPRING_1min_OBSERVATIONAL,10647.2,LONG,cash,SIGNATURE_MOMENT,,,uk100_full_2r,,,,signal_swing_level,10650.0,-2.8,-0.15
2026-07-23T13:12:00+00:00,2026-07-23T13:11:00+00:00,SPRING_1min_OBSERVATIONAL,10611.7,LONG,cash,SIGNATURE_MOMENT,,,uk100_full_2r,,,,session_low,10610.2,1.5,0.08
2026-07-23T13:24:00+00:00,2026-07-23T13:23:00+00:00,SPRING_1min_OBSERVATIONAL,10621.4,LONG,cash,SIGNATURE_MOMENT,,,uk100_full_2r,,,,session_low,10610.2,11.2,0.54
2026-07-27T12:52:00+00:00,2026-07-27T12:51:00+00:00,SPRING_1min_OBSERVATIONAL,10771.8,LONG,cash,SIGNATURE_MOMENT,,,uk100_full_2r,,,,signal_swing_level,10771.5,0.3,0.02
2026-07-27T14:36:00+00:00,2026-07-27T14:35:00+00:00,SPRING_1min_OBSERVATIONAL,10798.7,LONG,cash,SIGNATURE_MOMENT,,,uk100_full_2r,,,,signal_swing_level,10791.7,7.0,0.44
2026-07-28T11:01:00+00:00,2026-07-28T11:00:00+00:00,UPTHRUST_1min_OBSERVATIONAL,10841.1,SHORT,cash,SIGNATURE_MOMENT,,,uk100_full_2r,,,,session_high,10856.9,-15.8,-0.96
2026-07-29T08:33:00+00:00,2026-07-29T08:32:00+00:00,SPRING_1min_OBSERVATIONAL,10888.1,LONG,cash,SIGNATURE_MOMENT,,,uk100_full_2r,,,,session_low,10886.2,1.9,0.08
2026-07-29T10:54:00+00:00,2026-07-29T10:53:00+00:00,UPTHRUST_1min_OBSERVATIONAL,10899.8,SHORT,cash,SIGNATURE_MOMENT,,,uk100_full_2r,,,,prior_session_high,10885.4,14.4,0.85
2026-07-29T12:19:00+00:00,2026-07-29T12:18:00+00:00,SPRING_1min_OBSERVATIONAL,10879.4,LONG,cash,SIGNATURE_MOMENT,,,uk100_full_2r,,,,prior_session_high,10885.4,-6.0,-0.42
2026-07-29T12:23:00+00:00,2026-07-29T12:22:00+00:00,SPRING_1min_OBSERVATIONAL,10876.6,LONG,cash,SIGNATURE_MOMENT,,,uk100_full_2r,,,,prior_session_high,10885.4,-8.8,-0.62
2026-07-29T12:24:00+00:00,2026-07-29T12:23:00+00:00,SPRING_1min_OBSERVATIONAL,10883.6,LONG,cash,SIGNATURE_MOMENT,,,uk100_full_2r,,,,prior_session_high,10885.4,-1.8,-0.13
2026-07-29T12:25:00+00:00,2026-07-29T12:24:00+00:00,UPTHRUST_1min_OBSERVATIONAL,10890.8,SHORT,cash,SIGNATURE_MOMENT,,,uk100_full_2r,,,,prior_session_high,10885.4,5.4,0.38
2026-07-29T12:31:00+00:00,2026-07-29T12:30:00+00:00,SPRING_1min_OBSERVATIONAL,10882.5,LONG,cash,SIGNATURE_MOMENT,,,uk100_full_2r,,,,prior_session_high,10885.4,-2.9,-0.19
2026-07-30T08:34:00+00:00,2026-07-30T08:33:00+00:00,UPTHRUST_1min_OBSERVATIONAL,10973.3,SHORT,cash,SIGNATURE_MOMENT,,,uk100_full_2r,,,,session_high,10980.5,-7.2,-0.25
2026-07-30T09:33:00+00:00,2026-07-30T09:32:00+00:00,UPTHRUST_1min_OBSERVATIONAL,10966.2,SHORT,cash,SIGNATURE_MOMENT,,,uk100_full_2r,,,,signal_swing_level,10980.5,-14.3,-0.47
2026-07-30T10:15:00+00:00,2026-07-30T10:14:00+00:00,SPRING_1min_OBSERVATIONAL,10911.0,LONG,cash,SIGNATURE_MOMENT,,,uk100_full_2r,,,,signal_swing_level,10909.3,1.7,0.05
2026-07-30T10:19:00+00:00,2026-07-30T10:18:00+00:00,SPRING_1min_OBSERVATIONAL,10920.2,LONG,cash,SIGNATURE_MOMENT,,,uk100_full_2r,,,,signal_swing_level,10913.6,6.6,0.21
2026-07-30T10:48:00+00:00,2026-07-30T10:47:00+00:00,SPRING_1min_OBSERVATIONAL,10907.6,LONG,cash,SIGNATURE_MOMENT,,,uk100_full_2r,,,,signal_swing_level,10909.3,-1.7,-0.06
2026-07-30T10:49:00+00:00,2026-07-30T10:48:00+00:00,SPRING_1min_OBSERVATIONAL,10909.3,LONG,cash,SIGNATURE_MOMENT,,,uk100_full_2r,,,,signal_swing_level,10909.3,0.0,0.0
2026-07-30T10:51:00+00:00,2026-07-30T10:50:00+00:00,SPRING_1min_OBSERVATIONAL,10914.5,LONG,cash,SIGNATURE_MOMENT,,,uk100_full_2r,,,,signal_swing_level,10913.6,0.9,0.03
2026-07-30T11:13:00+00:00,2026-07-30T11:12:00+00:00,UPTHRUST_1min_OBSERVATIONAL,10934.1,SHORT,cash,SIGNATURE_MOMENT,,,uk100_full_2r,,,,prior_session_high,10950.7,-16.6,-0.62
2026-07-30T11:56:00+00:00,2026-07-30T11:55:00+00:00,UPTHRUST_1min_OBSERVATIONAL,10954.2,SHORT,cash,SIGNATURE_MOMENT,,,uk100_full_2r,,,,prior_session_high,10950.7,3.5,0.14
2026-07-30T12:42:00+00:00,2026-07-30T12:41:00+00:00,UPTHRUST_1min_OBSERVATIONAL,10943.8,SHORT,cash,SIGNATURE_MOMENT,,,uk100_full_2r,,,,prior_session_high,10950.7,-6.9,-0.3
2026-07-30T12:45:00+00:00,2026-07-30T12:44:00+00:00,SPRING_1min_OBSERVATIONAL,10948.0,LONG,cash,SIGNATURE_MOMENT,,,uk100_full_2r,,,,prior_session_high,10950.7,-2.7,-0.12
2026-07-30T12:48:00+00:00,2026-07-30T12:47:00+00:00,SPRING_1min_OBSERVATIONAL,10944.9,LONG,cash,SIGNATURE_MOMENT,,,uk100_full_2r,,,,prior_session_high,10950.7,-5.8,-0.26
2026-07-30T13:14:00+00:00,2026-07-30T13:13:00+00:00,UPTHRUST_1min_OBSERVATIONAL,10968.9,SHORT,cash,SIGNATURE_MOMENT,,,uk100_full_2r,,,,session_high,10981.4,-12.5,-0.57
2026-07-30T13:18:00+00:00,2026-07-30T13:17:00+00:00,UPTHRUST_1min_OBSERVATIONAL,10970.9,SHORT,cash,SIGNATURE_MOMENT,,,uk100_full_2r,,,,session_high,10981.4,-10.5,-0.48
2026-07-30T14:35:00+00:00,2026-07-30T14:34:00+00:00,UPTHRUST_1min_OBSERVATIONAL,10939.4,SHORT,cash,SIGNATURE_MOMENT,,,uk100_full_2r,,,,signal_swing_level,10935.6,3.8,0.17
2026-07-30T14:51:00+00:00,2026-07-30T14:50:00+00:00,SPRING_1min_OBSERVATIONAL,10916.4,LONG,cash,SIGNATURE_MOMENT,,,uk100_full_2r,,,,signal_swing_level,10913.6,2.8,0.13
2026-07-31T11:21:00+00:00,2026-07-31T11:20:00+00:00,UPTHRUST_1min_OBSERVATIONAL,10935.1,SHORT,cash,SIGNATURE_MOMENT,,,uk100_full_2r,,,,signal_swing_level,10935.6,-0.5,-0.03
2026-07-31T14:20:00+00:00,2026-07-31T14:19:00+00:00,UPTHRUST_1min_OBSERVATIONAL,10839.2,SHORT,cash,SIGNATURE_MOMENT,,,uk100_full_2r,,,,prior_session_low,10848.5,-9.3,-0.52
2026-07-31T15:29:00+00:00,2026-07-31T15:28:00+00:00,SPRING_1min_OBSERVATIONAL,10865.4,LONG,cash,SIGNATURE_MOMENT,,,uk100_full_2r,,,,signal_swing_level,10864.0,1.4,0.07
