time,open,high,low,close,volume,n_bars,cash_frac,spread,vol_ok,lwall,ltime,ldate,in_cash,extreme
2026-06-11 17:00:00+00:00,10400.0,10433.0,10397.0,10417.3,9369,2,0.0,4.0,True,2026-06-11 18:00:00,18.0,2026-06-11,False,False
2026-06-11 19:00:00+00:00,10418.0,10460.7,10417.0,10453.5,9877,3,0.0,5.333333333333333,True,2026-06-11 20:00:00,20.0,2026-06-11,False,False
2026-06-11 23:00:00+00:00,10453.7,10458.4,10418.3,10436.5,21929,4,0.0,6.0,True,2026-06-12 00:00:00,0.0,2026-06-12,False,False
2026-06-12 03:00:00+00:00,10436.6,10437.8,10402.8,10403.8,18632,4,0.0,5.5,True,2026-06-12 04:00:00,4.0,2026-06-12,False,False
2026-06-12 07:00:00+00:00,10406.0,10506.3,10403.0,10451.8,22262,4,1.0,4.0,True,2026-06-12 08:00:00,8.0,2026-06-12,True,False
2026-06-12 11:00:00+00:00,10451.3,10504.3,10422.1,10500.8,21806,4,1.0,4.0,True,2026-06-12 12:00:00,12.0,2026-06-12,True,False
2026-06-12 15:00:00+00:00,10501.3,10517.6,10481.8,10505.8,16741,4,0.25,4.0,True,2026-06-12 16:00:00,16.0,2026-06-12,True,False
2026-06-12 19:00:00+00:00,10506.3,10521.8,10495.0,10504.8,2464,1,0.0,4.0,True,2026-06-12 20:00:00,20.0,2026-06-12,False,False
2026-06-14 22:00:00+00:00,10571.6,10579.9,10565.8,10569.7,3920,1,0.0,6.0,True,2026-06-14 23:00:00,23.0,2026-06-14,False,False
2026-06-14 23:00:00+00:00,10570.0,10575.8,10531.2,10565.3,11954,4,0.0,6.0,True,2026-06-15 00:00:00,0.0,2026-06-15,False,False
2026-06-15 03:00:00+00:00,10565.1,10598.6,10563.7,10589.6,5717,4,0.0,5.5,True,2026-06-15 04:00:00,4.0,2026-06-15,False,False
2026-06-15 07:00:00+00:00,10589.8,10606.8,10510.8,10518.3,13517,4,1.0,4.0,True,2026-06-15 08:00:00,8.0,2026-06-15,True,False
2026-06-15 11:00:00+00:00,10518.6,10524.6,10456.6,10470.8,12962,4,1.0,4.0,True,2026-06-15 12:00:00,12.0,2026-06-15,True,False
2026-06-15 15:00:00+00:00,10471.1,10483.3,10436.3,10446.1,8584,4,0.25,4.0,True,2026-06-15 16:00:00,16.0,2026-06-15,True,False
2026-06-15 19:00:00+00:00,10446.6,10454.1,10431.3,10436.2,4590,3,0.0,5.333333333333333,True,2026-06-15 20:00:00,20.0,2026-06-15,False,False
2026-06-15 23:00:00+00:00,10436.1,10464.8,10433.5,10450.6,10668,4,0.0,6.0,True,2026-06-16 00:00:00,0.0,2026-06-16,False,False
2026-06-16 03:00:00+00:00,10450.0,10481.8,10449.8,10478.8,6783,4,0.0,5.5,True,2026-06-16 04:00:00,4.0,2026-06-16,False,False
2026-06-16 07:00:00+00:00,10479.3,10541.6,10465.6,10526.6,10652,4,1.0,4.0,True,2026-06-16 08:00:00,8.0,2026-06-16,True,False
2026-06-16 11:00:00+00:00,10526.8,10560.3,10515.1,10530.6,12657,4,1.0,4.0,True,2026-06-16 12:00:00,12.0,2026-06-16,True,False
2026-06-16 15:00:00+00:00,10530.1,10545.1,10514.1,10514.1,8953,4,0.25,4.0,True,2026-06-16 16:00:00,16.0,2026-06-16,True,False
2026-06-16 19:00:00+00:00,10513.8,10514.1,10494.4,10511.9,4341,3,0.0,5.333333333333333,True,2026-06-16 20:00:00,20.0,2026-06-16,False,False
2026-06-16 23:00:00+00:00,10511.7,10528.9,10495.2,10519.9,8005,4,0.0,6.0,True,2026-06-17 00:00:00,0.0,2026-06-17,False,False
2026-06-17 03:00:00+00:00,10519.8,10539.3,10512.7,10527.1,5341,4,0.0,5.5,True,2026-06-17 04:00:00,4.0,2026-06-17,False,False
2026-06-17 07:00:00+00:00,10526.8,10543.6,10502.8,10536.6,10100,4,1.0,4.0,True,2026-06-17 08:00:00,8.0,2026-06-17,True,False
2026-06-17 11:00:00+00:00,10535.6,10546.1,10512.1,10532.6,11795,4,1.0,4.0,True,2026-06-17 12:00:00,12.0,2026-06-17,True,False
2026-06-17 15:00:00+00:00,10532.8,10557.8,10497.0,10524.6,23869,4,0.25,4.0,True,2026-06-17 16:00:00,16.0,2026-06-17,True,False
2026-06-17 19:00:00+00:00,10524.8,10537.5,10478.0,10512.5,21941,3,0.0,5.333333333333333,True,2026-06-17 20:00:00,20.0,2026-06-17,False,False
2026-06-17 23:00:00+00:00,10512.7,10543.5,10483.7,10499.0,13894,4,0.0,6.0,True,2026-06-18 00:00:00,0.0,2026-06-18,False,False
2026-06-18 03:00:00+00:00,10499.1,10522.3,10488.1,10508.1,10796,4,0.0,5.5,True,2026-06-18 04:00:00,4.0,2026-06-18,False,False
2026-06-18 07:00:00+00:00,10507.8,10523.8,10431.3,10439.0,19904,4,1.0,4.0,True,2026-06-18 08:00:00,8.0,2026-06-18,True,False
2026-06-18 11:00:00+00:00,10438.5,10474.1,10420.6,10455.3,21438,4,1.0,4.0,True,2026-06-18 12:00:00,12.0,2026-06-18,True,False
2026-06-18 15:00:00+00:00,10455.6,10469.3,10434.6,10458.1,13974,4,0.25,4.0,True,2026-06-18 16:00:00,16.0,2026-06-18,True,False
2026-06-18 19:00:00+00:00,10457.8,10469.6,10448.6,10451.9,5618,3,0.0,5.333333333333333,True,2026-06-18 20:00:00,20.0,2026-06-18,False,False
2026-06-18 23:00:00+00:00,10451.8,10458.7,10416.1,10423.0,7180,4,0.0,6.0,True,2026-06-19 00:00:00,0.0,2026-06-19,False,False
2026-06-19 03:00:00+00:00,10423.1,10435.1,10399.0,10429.6,8448,4,0.0,5.5,True,2026-06-19 04:00:00,4.0,2026-06-19,False,False
2026-06-19 07:00:00+00:00,10430.6,10463.6,10409.1,10419.6,10518,4,1.0,4.0,True,2026-06-19 08:00:00,8.0,2026-06-19,True,False
2026-06-19 11:00:00+00:00,10418.8,10430.6,10394.5,10401.1,8781,4,1.0,4.0,True,2026-06-19 12:00:00,12.0,2026-06-19,True,False
2026-06-19 15:00:00+00:00,10401.3,10425.1,10384.3,10400.6,4870,4,0.25,4.0,True,2026-06-19 16:00:00,16.0,2026-06-19,True,False
2026-06-19 19:00:00+00:00,10400.3,10405.0,10398.5,10400.5,490,1,0.0,4.0,True,2026-06-19 20:00:00,20.0,2026-06-19,False,False
2026-06-21 22:00:00+00:00,10397.3,10399.6,10375.3,10379.6,2923,1,0.0,6.0,True,2026-06-21 23:00:00,23.0,2026-06-21,False,False
2026-06-21 23:00:00+00:00,10379.7,10419.2,10354.7,10394.8,16831,4,0.0,6.0,True,2026-06-22 00:00:00,0.0,2026-06-22,False,False
2026-06-22 03:00:00+00:00,10394.6,10437.6,10390.5,10421.3,8916,4,0.0,5.5,True,2026-06-22 04:00:00,4.0,2026-06-22,False,False
2026-06-22 07:00:00+00:00,10421.6,10436.1,10385.3,10431.6,11842,4,1.0,4.0,True,2026-06-22 08:00:00,8.0,2026-06-22,True,False
2026-06-22 11:00:00+00:00,10432.1,10479.3,10431.6,10473.6,14019,4,1.0,4.0,True,2026-06-22 12:00:00,12.0,2026-06-22,True,False
2026-06-22 15:00:00+00:00,10473.8,10488.8,10463.1,10464.1,7679,4,0.25,4.0,True,2026-06-22 16:00:00,16.0,2026-06-22,True,False
2026-06-22 19:00:00+00:00,10464.6,10476.3,10453.8,10456.9,4403,3,0.0,5.333333333333333,True,2026-06-22 20:00:00,20.0,2026-06-22,False,False
2026-06-22 23:00:00+00:00,10456.7,10468.8,10408.9,10409.6,15598,4,0.0,6.0,True,2026-06-23 00:00:00,0.0,2026-06-23,False,False
2026-06-23 03:00:00+00:00,10410.1,10410.3,10359.1,10369.6,13348,4,0.0,5.5,True,2026-06-23 04:00:00,4.0,2026-06-23,False,False
2026-06-23 07:00:00+00:00,10368.8,10461.8,10368.8,10428.1,15397,4,1.0,4.0,True,2026-06-23 08:00:00,8.0,2026-06-23,True,False
2026-06-23 11:00:00+00:00,10428.6,10500.1,10417.6,10495.8,15084,4,1.0,4.0,True,2026-06-23 12:00:00,12.0,2026-06-23,True,False
2026-06-23 15:00:00+00:00,10496.1,10511.1,10467.6,10485.1,8661,4,0.25,4.0,True,2026-06-23 16:00:00,16.0,2026-06-23,True,False
2026-06-23 19:00:00+00:00,10484.8,10492.6,10460.9,10466.6,7317,3,0.0,5.333333333333333,True,2026-06-23 20:00:00,20.0,2026-06-23,False,False
2026-06-23 23:00:00+00:00,10466.8,10485.7,10435.5,10435.5,25612,4,0.0,6.0,True,2026-06-24 00:00:00,0.0,2026-06-24,False,False
2026-06-24 03:00:00+00:00,10435.8,10471.3,10413.4,10461.8,18403,4,0.0,5.5,True,2026-06-24 04:00:00,4.0,2026-06-24,False,False
2026-06-24 07:00:00+00:00,10462.6,10480.1,10439.8,10468.6,16955,4,1.0,4.0,True,2026-06-24 08:00:00,8.0,2026-06-24,True,False
2026-06-24 11:00:00+00:00,10469.1,10507.8,10451.1,10492.6,18089,4,1.0,4.0,True,2026-06-24 12:00:00,12.0,2026-06-24,True,False
2026-06-24 15:00:00+00:00,10492.1,10504.8,10454.3,10476.1,15094,4,0.25,4.0,True,2026-06-24 16:00:00,16.0,2026-06-24,True,False
2026-06-24 19:00:00+00:00,10476.6,10507.8,10464.6,10494.3,12162,3,0.0,5.333333333333333,True,2026-06-24 20:00:00,20.0,2026-06-24,False,False
2026-06-24 23:00:00+00:00,10494.2,10508.4,10454.3,10466.3,18255,4,0.0,6.0,True,2026-06-25 00:00:00,0.0,2026-06-25,False,False
2026-06-25 03:00:00+00:00,10466.5,10476.1,10451.1,10469.3,8679,4,0.0,5.5,True,2026-06-25 04:00:00,4.0,2026-06-25,False,False
2026-06-25 07:00:00+00:00,10469.6,10544.8,10455.6,10539.6,11870,4,1.0,4.0,True,2026-06-25 08:00:00,8.0,2026-06-25,True,False
2026-06-25 11:00:00+00:00,10539.3,10619.1,10539.1,10597.3,19681,4,1.0,4.0,True,2026-06-25 12:00:00,12.0,2026-06-25,True,False
2026-06-25 15:00:00+00:00,10597.8,10599.6,10548.8,10559.1,15600,4,0.25,4.0,True,2026-06-25 16:00:00,16.0,2026-06-25,True,False
2026-06-25 19:00:00+00:00,10558.8,10588.7,10553.4,10562.6,7555,3,0.0,5.333333333333333,True,2026-06-25 20:00:00,20.0,2026-06-25,False,False
2026-06-25 23:00:00+00:00,10562.5,10591.2,10481.3,10488.2,28902,4,0.0,6.0,True,2026-06-26 00:00:00,0.0,2026-06-26,False,False
2026-06-26 03:00:00+00:00,10488.7,10548.8,10468.3,10539.1,22636,4,0.0,5.5,True,2026-06-26 04:00:00,4.0,2026-06-26,False,False
2026-06-26 07:00:00+00:00,10538.6,10553.1,10480.3,10486.1,19423,4,1.0,4.0,True,2026-06-26 08:00:00,8.0,2026-06-26,True,False
2026-06-26 11:00:00+00:00,10486.3,10537.6,10441.6,10534.1,21208,4,1.0,4.0,True,2026-06-26 12:00:00,12.0,2026-06-26,True,False
2026-06-26 15:00:00+00:00,10534.6,10567.1,10520.1,10523.8,13237,4,0.25,4.0,True,2026-06-26 16:00:00,16.0,2026-06-26,True,False
2026-06-26 19:00:00+00:00,10524.3,10527.8,10506.1,10517.0,3162,1,0.0,4.0,True,2026-06-26 20:00:00,20.0,2026-06-26,False,False
2026-06-28 22:00:00+00:00,10529.0,10533.8,10518.3,10526.0,3368,1,0.0,6.0,True,2026-06-28 23:00:00,23.0,2026-06-28,False,False
2026-06-28 23:00:00+00:00,10525.9,10562.0,10524.5,10559.3,24223,4,0.0,6.0,True,2026-06-29 00:00:00,0.0,2026-06-29,False,False
2026-06-29 03:00:00+00:00,10559.8,10568.8,10540.1,10542.1,12719,4,0.0,5.5,True,2026-06-29 04:00:00,4.0,2026-06-29,False,False
2026-06-29 07:00:00+00:00,10542.6,10560.1,10508.3,10528.6,12993,4,1.0,4.0,True,2026-06-29 08:00:00,8.0,2026-06-29,True,False
2026-06-29 11:00:00+00:00,10527.8,10552.3,10509.1,10515.1,13620,4,1.0,4.0,True,2026-06-29 12:00:00,12.0,2026-06-29,True,False
2026-06-29 15:00:00+00:00,10514.8,10548.8,10504.6,10545.1,6948,4,0.25,4.0,True,2026-06-29 16:00:00,16.0,2026-06-29,True,False
2026-06-29 19:00:00+00:00,10544.8,10553.1,10536.3,10546.5,4091,3,0.0,5.333333333333333,True,2026-06-29 20:00:00,20.0,2026-06-29,False,False
2026-06-29 23:00:00+00:00,10546.4,10550.5,10523.3,10530.3,13366,4,0.0,6.0,True,2026-06-30 00:00:00,0.0,2026-06-30,False,False
2026-06-30 03:00:00+00:00,10530.4,10551.1,10529.8,10544.3,6472,4,0.0,5.5,True,2026-06-30 04:00:00,4.0,2026-06-30,False,False
2026-06-30 07:00:00+00:00,10542.8,10640.8,10525.1,10631.1,12613,4,1.0,4.0,True,2026-06-30 08:00:00,8.0,2026-06-30,True,False
2026-06-30 11:00:00+00:00,10630.3,10643.3,10528.3,10529.6,14476,4,1.0,4.0,True,2026-06-30 12:00:00,12.0,2026-06-30,True,False
2026-06-30 15:00:00+00:00,10529.3,10557.8,10519.8,10546.6,7774,4,0.25,4.0,True,2026-06-30 16:00:00,16.0,2026-06-30,True,False
2026-06-30 19:00:00+00:00,10546.3,10550.7,10531.8,10541.2,4067,3,0.0,5.333333333333333,True,2026-06-30 20:00:00,20.0,2026-06-30,False,False
2026-06-30 23:00:00+00:00,10541.3,10544.8,10481.0,10501.2,11095,4,0.0,6.0,True,2026-07-01 00:00:00,0.0,2026-07-01,False,False
2026-07-01 03:00:00+00:00,10501.6,10523.1,10499.8,10514.6,7904,4,0.0,5.5,True,2026-07-01 04:00:00,4.0,2026-07-01,False,False
2026-07-01 07:00:00+00:00,10515.1,10533.3,10465.1,10478.1,13927,4,1.0,4.0,True,2026-07-01 08:00:00,8.0,2026-07-01,True,False
2026-07-01 11:00:00+00:00,10477.6,10495.8,10448.8,10466.8,18579,4,1.0,4.0,True,2026-07-01 12:00:00,12.0,2026-07-01,True,False
2026-07-01 15:00:00+00:00,10467.1,10525.1,10467.1,10498.8,9670,4,0.25,4.0,True,2026-07-01 16:00:00,16.0,2026-07-01,True,False
2026-07-01 19:00:00+00:00,10499.1,10504.3,10480.8,10498.7,5103,3,0.0,5.333333333333333,True,2026-07-01 20:00:00,20.0,2026-07-01,False,False
2026-07-01 23:00:00+00:00,10498.8,10522.0,10473.8,10509.0,16213,4,0.0,6.0,True,2026-07-02 00:00:00,0.0,2026-07-02,False,False
2026-07-02 03:00:00+00:00,10509.3,10520.8,10464.6,10466.8,12148,4,0.0,5.5,True,2026-07-02 04:00:00,4.0,2026-07-02,False,False
2026-07-02 07:00:00+00:00,10466.3,10556.6,10457.6,10552.3,14087,4,1.0,4.0,True,2026-07-02 08:00:00,8.0,2026-07-02,True,False
2026-07-02 11:00:00+00:00,10552.1,10710.1,10540.8,10710.1,21357,4,1.0,4.0,True,2026-07-02 12:00:00,12.0,2026-07-02,True,False
2026-07-02 15:00:00+00:00,10710.3,10719.8,10643.6,10667.3,17329,4,0.25,4.0,True,2026-07-02 16:00:00,16.0,2026-07-02,True,False
2026-07-02 19:00:00+00:00,10667.8,10707.5,10651.8,10706.5,5510,3,0.0,5.333333333333333,True,2026-07-02 20:00:00,20.0,2026-07-02,False,False
2026-07-02 23:00:00+00:00,10706.3,10725.3,10683.8,10718.0,16038,4,0.0,6.0,True,2026-07-03 00:00:00,0.0,2026-07-03,False,False
2026-07-03 03:00:00+00:00,10717.9,10730.5,10700.3,10721.1,6620,4,0.0,5.5,True,2026-07-03 04:00:00,4.0,2026-07-03,False,False
2026-07-03 07:00:00+00:00,10720.6,10723.8,10622.1,10639.3,11559,4,1.0,4.0,True,2026-07-03 08:00:00,8.0,2026-07-03,True,False
2026-07-03 11:00:00+00:00,10639.6,10700.8,10621.8,10695.8,6538,4,1.0,4.0,True,2026-07-03 12:00:00,12.0,2026-07-03,True,False
2026-07-03 15:00:00+00:00,10696.1,10703.1,10671.3,10672.1,3321,4,0.25,4.0,True,2026-07-03 16:00:00,16.0,2026-07-03,True,False
2026-07-03 19:00:00+00:00,10671.8,10674.1,10654.8,10656.0,794,1,0.0,4.0,True,2026-07-03 20:00:00,20.0,2026-07-03,False,False
2026-07-05 22:00:00+00:00,10669.5,10682.4,10667.0,10677.2,2052,1,0.0,6.0,True,2026-07-05 23:00:00,23.0,2026-07-05,False,False
2026-07-05 23:00:00+00:00,10677.3,10698.0,10662.4,10686.3,15099,4,0.0,6.0,True,2026-07-06 00:00:00,0.0,2026-07-06,False,False
2026-07-06 03:00:00+00:00,10686.0,10701.6,10673.4,10699.1,8441,4,0.0,5.5,True,2026-07-06 04:00:00,4.0,2026-07-06,False,False
2026-07-06 07:00:00+00:00,10699.3,10754.1,10672.3,10672.6,10244,4,1.0,4.0,True,2026-07-06 08:00:00,8.0,2026-07-06,True,False
2026-07-06 11:00:00+00:00,10673.1,10679.3,10635.3,10655.8,11707,4,1.0,4.0,True,2026-07-06 12:00:00,12.0,2026-07-06,True,False
2026-07-06 15:00:00+00:00,10656.1,10683.6,10647.8,10678.6,6145,4,0.25,4.0,True,2026-07-06 16:00:00,16.0,2026-07-06,True,False
2026-07-06 19:00:00+00:00,10678.8,10697.6,10672.1,10691.0,3222,3,0.0,5.333333333333333,True,2026-07-06 20:00:00,20.0,2026-07-06,False,False
2026-07-06 23:00:00+00:00,10690.7,10700.9,10673.3,10679.0,12649,4,0.0,6.0,True,2026-07-07 00:00:00,0.0,2026-07-07,False,False
2026-07-07 03:00:00+00:00,10679.1,10689.1,10657.8,10684.1,9498,4,0.0,5.5,True,2026-07-07 04:00:00,4.0,2026-07-07,False,False
2026-07-07 07:00:00+00:00,10683.8,10742.6,10665.1,10688.1,13727,4,1.0,4.0,True,2026-07-07 08:00:00,8.0,2026-07-07,True,False
2026-07-07 11:00:00+00:00,10688.6,10765.6,10687.1,10713.1,17560,4,1.0,4.0,True,2026-07-07 12:00:00,12.0,2026-07-07,True,False
2026-07-07 15:00:00+00:00,10713.3,10713.8,10673.1,10682.6,9864,4,0.25,4.0,True,2026-07-07 16:00:00,16.0,2026-07-07,True,False
2026-07-07 19:00:00+00:00,10682.8,10687.1,10666.6,10672.1,5761,3,0.0,5.333333333333333,True,2026-07-07 20:00:00,20.0,2026-07-07,False,False
2026-07-07 23:00:00+00:00,10671.9,10694.1,10640.9,10677.3,20128,4,0.0,6.0,True,2026-07-08 00:00:00,0.0,2026-07-08,False,False
2026-07-08 03:00:00+00:00,10677.6,10699.1,10649.3,10659.1,12382,4,0.0,5.5,True,2026-07-08 04:00:00,4.0,2026-07-08,False,False
2026-07-08 07:00:00+00:00,10656.5,10661.6,10492.1,10529.1,37038,4,1.0,4.0,True,2026-07-08 08:00:00,8.0,2026-07-08,True,False
2026-07-08 11:00:00+00:00,10528.1,10593.6,10512.6,10514.6,26845,4,1.0,4.0,True,2026-07-08 12:00:00,12.0,2026-07-08,True,False
2026-07-08 15:00:00+00:00,10515.1,10518.1,10479.1,10505.1,17603,4,0.25,4.0,True,2026-07-08 16:00:00,16.0,2026-07-08,True,False
2026-07-08 19:00:00+00:00,10505.3,10522.8,10496.3,10506.9,6293,3,0.0,5.333333333333333,True,2026-07-08 20:00:00,20.0,2026-07-08,False,False
2026-07-08 23:00:00+00:00,10506.8,10541.7,10501.7,10512.9,14941,4,0.0,6.0,True,2026-07-09 00:00:00,0.0,2026-07-09,False,False
2026-07-09 03:00:00+00:00,10513.1,10543.1,10468.1,10468.1,10744,4,0.0,5.5,True,2026-07-09 04:00:00,4.0,2026-07-09,False,False
2026-07-09 07:00:00+00:00,10468.8,10492.3,10409.1,10423.3,19769,4,1.0,4.0,True,2026-07-09 08:00:00,8.0,2026-07-09,True,False
2026-07-09 11:00:00+00:00,10423.6,10493.8,10418.1,10491.1,16530,4,1.0,4.0,True,2026-07-09 12:00:00,12.0,2026-07-09,True,False
2026-07-09 15:00:00+00:00,10490.8,10503.8,10475.1,10484.1,6794,4,0.25,4.0,True,2026-07-09 16:00:00,16.0,2026-07-09,True,False
2026-07-09 19:00:00+00:00,10483.8,10488.1,10476.6,10480.3,3034,3,0.0,5.333333333333333,True,2026-07-09 20:00:00,20.0,2026-07-09,False,False
2026-07-09 23:00:00+00:00,10480.4,10498.0,10466.6,10496.1,11136,4,0.0,6.0,True,2026-07-10 00:00:00,0.0,2026-07-10,False,False
2026-07-10 03:00:00+00:00,10496.3,10526.1,10488.1,10517.6,6742,4,0.0,5.5,True,2026-07-10 04:00:00,4.0,2026-07-10,False,False
2026-07-10 07:00:00+00:00,10518.1,10522.1,10479.1,10492.1,14085,4,1.0,4.0,True,2026-07-10 08:00:00,8.0,2026-07-10,True,False
2026-07-10 11:00:00+00:00,10491.1,10532.3,10478.5,10513.1,16216,4,1.0,4.0,True,2026-07-10 12:00:00,12.0,2026-07-10,True,False
2026-07-10 15:00:00+00:00,10512.6,10564.8,10500.8,10562.1,7186,4,0.25,4.0,True,2026-07-10 16:00:00,16.0,2026-07-10,True,False
2026-07-10 19:00:00+00:00,10561.8,10564.1,10545.1,10545.1,1056,1,0.0,4.0,True,2026-07-10 20:00:00,20.0,2026-07-10,False,False
2026-07-12 22:00:00+00:00,10527.3,10527.6,10517.0,10525.6,2239,1,0.0,6.0,True,2026-07-12 23:00:00,23.0,2026-07-12,False,False
2026-07-12 23:00:00+00:00,10525.5,10536.0,10494.8,10494.8,14763,4,0.0,6.0,True,2026-07-13 00:00:00,0.0,2026-07-13,False,False
2026-07-13 03:00:00+00:00,10494.9,10517.8,10466.8,10511.6,8918,4,0.0,5.5,True,2026-07-13 04:00:00,4.0,2026-07-13,False,False
2026-07-13 07:00:00+00:00,10512.1,10549.6,10484.1,10495.6,13704,4,1.0,4.0,True,2026-07-13 08:00:00,8.0,2026-07-13,True,False
2026-07-13 11:00:00+00:00,10495.8,10537.1,10478.8,10520.3,16073,4,1.0,4.0,True,2026-07-13 12:00:00,12.0,2026-07-13,True,False
2026-07-13 15:00:00+00:00,10520.6,10522.3,10485.6,10512.3,11447,4,0.25,4.0,True,2026-07-13 16:00:00,16.0,2026-07-13,True,False
2026-07-13 19:00:00+00:00,10512.8,10517.6,10504.1,10505.5,4709,3,0.0,5.333333333333333,True,2026-07-13 20:00:00,20.0,2026-07-13,False,False
2026-07-13 23:00:00+00:00,10505.4,10515.7,10442.1,10464.5,23255,4,0.0,6.0,True,2026-07-14 00:00:00,0.0,2026-07-14,False,False
2026-07-14 03:00:00+00:00,10464.8,10522.6,10449.6,10481.6,12723,4,0.0,5.5,True,2026-07-14 04:00:00,4.0,2026-07-14,False,False
2026-07-14 07:00:00+00:00,10482.6,10510.3,10433.3,10469.6,21162,4,1.0,4.0,True,2026-07-14 08:00:00,8.0,2026-07-14,True,False
2026-07-14 11:00:00+00:00,10469.8,10568.8,10459.8,10534.1,22560,4,1.0,4.0,True,2026-07-14 12:00:00,12.0,2026-07-14,True,False
2026-07-14 15:00:00+00:00,10534.3,10544.3,10502.8,10504.6,10394,4,0.25,4.0,True,2026-07-14 16:00:00,16.0,2026-07-14,True,False
2026-07-14 19:00:00+00:00,10504.3,10507.6,10489.2,10495.3,3662,3,0.0,5.333333333333333,True,2026-07-14 20:00:00,20.0,2026-07-14,False,False
2026-07-14 23:00:00+00:00,10495.2,10513.3,10492.3,10505.7,10669,4,0.0,6.0,True,2026-07-15 00:00:00,0.0,2026-07-15,False,False
2026-07-15 03:00:00+00:00,10506.1,10511.1,10479.3,10481.6,7208,4,0.0,5.5,True,2026-07-15 04:00:00,4.0,2026-07-15,False,False
2026-07-15 07:00:00+00:00,10479.3,10531.3,10451.3,10507.1,16033,4,1.0,4.0,True,2026-07-15 08:00:00,8.0,2026-07-15,True,False
2026-07-15 11:00:00+00:00,10508.1,10556.6,10503.1,10532.6,16131,4,1.0,4.0,True,2026-07-15 12:00:00,12.0,2026-07-15,True,False
2026-07-15 15:00:00+00:00,10532.8,10538.1,10469.6,10499.3,9868,4,0.25,4.0,True,2026-07-15 16:00:00,16.0,2026-07-15,True,False
2026-07-15 19:00:00+00:00,10499.8,10506.6,10487.1,10496.1,3412,3,0.0,5.333333333333333,True,2026-07-15 20:00:00,20.0,2026-07-15,False,False
2026-07-15 23:00:00+00:00,10495.9,10501.7,10463.9,10482.3,10506,4,0.0,6.0,True,2026-07-16 00:00:00,0.0,2026-07-16,False,False
2026-07-16 03:00:00+00:00,10482.5,10498.8,10445.8,10472.8,6814,4,0.0,5.5,True,2026-07-16 04:00:00,4.0,2026-07-16,False,False
2026-07-16 07:00:00+00:00,10472.6,10503.6,10448.8,10491.6,16764,4,1.0,4.0,True,2026-07-16 08:00:00,8.0,2026-07-16,True,False
2026-07-16 11:00:00+00:00,10491.8,10538.1,10454.8,10531.6,18226,4,1.0,4.0,True,2026-07-16 12:00:00,12.0,2026-07-16,True,False
2026-07-16 15:00:00+00:00,10531.1,10596.1,10530.1,10576.8,9729,4,0.25,4.0,True,2026-07-16 16:00:00,16.0,2026-07-16,True,False
2026-07-16 19:00:00+00:00,10576.6,10584.1,10561.3,10569.5,4952,3,0.0,5.333333333333333,True,2026-07-16 20:00:00,20.0,2026-07-16,False,False
2026-07-16 23:00:00+00:00,10569.7,10570.5,10525.9,10533.6,16164,4,0.0,6.0,True,2026-07-17 00:00:00,0.0,2026-07-17,False,False
2026-07-17 03:00:00+00:00,10533.8,10555.6,10505.2,10552.1,13259,4,0.0,5.5,True,2026-07-17 04:00:00,4.0,2026-07-17,False,False
2026-07-17 07:00:00+00:00,10552.6,10633.8,10547.6,10563.1,25834,4,1.0,4.0,True,2026-07-17 08:00:00,8.0,2026-07-17,True,False
2026-07-17 11:00:00+00:00,10562.3,10605.6,10532.6,10585.6,22121,4,1.0,4.0,True,2026-07-17 12:00:00,12.0,2026-07-17,True,False
2026-07-17 15:00:00+00:00,10586.1,10612.3,10547.1,10555.8,12834,4,0.25,4.0,True,2026-07-17 16:00:00,16.0,2026-07-17,True,False
2026-07-17 19:00:00+00:00,10556.1,10593.8,10539.3,10582.8,3328,1,0.0,4.0,True,2026-07-17 20:00:00,20.0,2026-07-17,False,False
2026-07-19 22:00:00+00:00,10584.2,10587.8,10579.8,10580.9,799,1,0.0,6.0,True,2026-07-19 23:00:00,23.0,2026-07-19,False,False
2026-07-19 23:00:00+00:00,10581.0,10591.4,10555.7,10571.3,19232,4,0.0,6.0,True,2026-07-20 00:00:00,0.0,2026-07-20,False,False
2026-07-20 03:00:00+00:00,10570.5,10590.5,10546.1,10553.1,12077,4,0.0,5.5,True,2026-07-20 04:00:00,4.0,2026-07-20,False,False
2026-07-20 07:00:00+00:00,10553.3,10583.1,10525.8,10555.6,16804,4,1.0,4.0,True,2026-07-20 08:00:00,8.0,2026-07-20,True,False
2026-07-20 11:00:00+00:00,10555.1,10603.1,10518.3,10534.8,20108,4,1.0,4.0,True,2026-07-20 12:00:00,12.0,2026-07-20,True,False
2026-07-20 15:00:00+00:00,10534.6,10549.6,10468.6,10472.3,12381,4,0.25,4.0,True,2026-07-20 16:00:00,16.0,2026-07-20,True,False
2026-07-20 19:00:00+00:00,10472.1,10479.6,10455.3,10458.8,5365,3,0.0,5.333333333333333,True,2026-07-20 20:00:00,20.0,2026-07-20,False,False
2026-07-20 23:00:00+00:00,10459.2,10484.4,10447.2,10480.8,12648,4,0.0,6.0,True,2026-07-21 00:00:00,0.0,2026-07-21,False,False
2026-07-21 03:00:00+00:00,10481.0,10495.1,10471.1,10491.8,5757,4,0.0,5.5,True,2026-07-21 04:00:00,4.0,2026-07-21,False,False
2026-07-21 07:00:00+00:00,10492.3,10569.1,10482.3,10550.1,15602,4,1.0,4.0,True,2026-07-21 08:00:00,8.0,2026-07-21,True,False
2026-07-21 11:00:00+00:00,10548.6,10576.8,10510.3,10567.6,15154,4,1.0,4.0,True,2026-07-21 12:00:00,12.0,2026-07-21,True,False
2026-07-21 15:00:00+00:00,10567.8,10615.6,10558.8,10613.3,6661,4,0.25,4.0,True,2026-07-21 16:00:00,16.0,2026-07-21,True,False
2026-07-21 19:00:00+00:00,10613.8,10613.8,10598.1,10602.6,2811,3,0.0,5.333333333333333,True,2026-07-21 20:00:00,20.0,2026-07-21,False,False
2026-07-21 23:00:00+00:00,10602.3,10624.8,10597.0,10616.3,9707,4,0.0,6.0,True,2026-07-22 00:00:00,0.0,2026-07-22,False,False
2026-07-22 03:00:00+00:00,10616.1,10619.1,10589.3,10598.6,8426,4,0.0,5.5,True,2026-07-22 04:00:00,4.0,2026-07-22,False,False
2026-07-22 07:00:00+00:00,10599.1,10739.8,10568.1,10717.6,23623,4,1.0,4.0,True,2026-07-22 08:00:00,8.0,2026-07-22,True,False
2026-07-22 11:00:00+00:00,10718.1,10770.1,10695.1,10748.1,21467,4,1.0,4.0,True,2026-07-22 12:00:00,12.0,2026-07-22,True,False
2026-07-22 15:00:00+00:00,10748.3,10751.6,10717.8,10735.6,8780,4,0.25,4.0,True,2026-07-22 16:00:00,16.0,2026-07-22,True,False
2026-07-22 19:00:00+00:00,10736.1,10736.6,10700.0,10706.4,6941,3,0.0,5.333333333333333,True,2026-07-22 20:00:00,20.0,2026-07-22,False,False
2026-07-22 23:00:00+00:00,10706.6,10735.3,10701.2,10721.2,11244,4,0.0,6.0,True,2026-07-23 00:00:00,0.0,2026-07-23,False,False
2026-07-23 03:00:00+00:00,10721.0,10727.8,10696.8,10716.1,9506,4,0.0,5.5,True,2026-07-23 04:00:00,4.0,2026-07-23,False,False
2026-07-23 07:00:00+00:00,10717.1,10721.8,10654.3,10709.1,22158,4,1.0,4.0,True,2026-07-23 08:00:00,8.0,2026-07-23,True,False
2026-07-23 11:00:00+00:00,10708.8,10712.8,10609.3,10649.8,25345,4,1.0,4.0,True,2026-07-23 12:00:00,12.0,2026-07-23,True,False
2026-07-23 15:00:00+00:00,10649.6,10655.6,10597.1,10599.1,12793,4,0.25,4.0,True,2026-07-23 16:00:00,16.0,2026-07-23,True,False
2026-07-23 19:00:00+00:00,10599.3,10626.1,10593.1,10621.4,6225,3,0.0,5.333333333333333,True,2026-07-23 20:00:00,20.0,2026-07-23,False,False
2026-07-23 23:00:00+00:00,10621.5,10625.0,10591.5,10591.7,15258,4,0.0,6.0,True,2026-07-24 00:00:00,0.0,2026-07-24,False,False
2026-07-24 03:00:00+00:00,10591.8,10619.3,10577.1,10593.1,10713,4,0.0,5.5,True,2026-07-24 04:00:00,4.0,2026-07-24,False,False
2026-07-24 07:00:00+00:00,10592.3,10699.1,10591.3,10669.1,16969,4,1.0,4.0,True,2026-07-24 08:00:00,8.0,2026-07-24,True,False
2026-07-24 11:00:00+00:00,10668.8,10719.3,10641.6,10710.6,16436,4,1.0,4.0,True,2026-07-24 12:00:00,12.0,2026-07-24,True,False
2026-07-24 15:00:00+00:00,10711.1,10748.3,10707.1,10724.6,11923,4,0.25,4.0,True,2026-07-24 16:00:00,16.0,2026-07-24,True,False
2026-07-24 19:00:00+00:00,10725.1,10727.8,10713.1,10723.8,2582,1,0.0,4.0,True,2026-07-24 20:00:00,20.0,2026-07-24,False,False
2026-07-26 22:00:00+00:00,10773.8,10781.8,10773.1,10775.7,1972,1,0.0,6.0,True,2026-07-26 23:00:00,23.0,2026-07-26,False,False
2026-07-26 23:00:00+00:00,10776.0,10794.5,10730.2,10753.5,17006,4,0.0,6.0,True,2026-07-27 00:00:00,0.0,2026-07-27,False,False
2026-07-27 03:00:00+00:00,10753.7,10833.1,10748.9,10810.0,9239,4,0.0,5.5,True,2026-07-27 04:00:00,4.0,2026-07-27,False,False
2026-07-27 07:00:00+00:00,10809.6,10821.1,10753.3,10802.1,18205,4,1.0,4.0,True,2026-07-27 08:00:00,8.0,2026-07-27,True,False
2026-07-27 11:00:00+00:00,10802.3,10822.6,10771.6,10821.1,19395,4,1.0,4.0,True,2026-07-27 12:00:00,12.0,2026-07-27,True,False
2026-07-27 15:00:00+00:00,10821.3,10821.3,10759.6,10786.6,13671,4,0.25,4.0,True,2026-07-27 16:00:00,16.0,2026-07-27,True,False
2026-07-27 19:00:00+00:00,10786.3,10801.1,10781.6,10789.1,3887,3,0.0,5.333333333333333,True,2026-07-27 20:00:00,20.0,2026-07-27,False,False
2026-07-27 23:00:00+00:00,10789.2,10795.2,10760.1,10765.8,13003,4,0.0,6.0,True,2026-07-28 00:00:00,0.0,2026-07-28,False,False
2026-07-28 03:00:00+00:00,10766.0,10831.1,10759.0,10800.8,9334,4,0.0,5.5,True,2026-07-28 04:00:00,4.0,2026-07-28,False,False
2026-07-28 07:00:00+00:00,10800.3,10856.6,10767.8,10836.6,17850,4,1.0,4.0,True,2026-07-28 08:00:00,8.0,2026-07-28,True,False
2026-07-28 11:00:00+00:00,10836.8,10883.8,10798.8,10861.8,18746,4,1.0,4.0,True,2026-07-28 12:00:00,12.0,2026-07-28,True,False
2026-07-28 15:00:00+00:00,10862.1,10916.6,10853.6,10899.8,9254,4,0.25,4.0,True,2026-07-28 16:00:00,16.0,2026-07-28,True,False
2026-07-28 19:00:00+00:00,10899.6,10911.1,10880.4,10882.7,6118,3,0.0,5.333333333333333,True,2026-07-28 20:00:00,20.0,2026-07-28,False,False
2026-07-28 23:00:00+00:00,10882.9,10928.4,10858.7,10870.4,22521,4,0.0,6.0,True,2026-07-29 00:00:00,0.0,2026-07-29,False,False
2026-07-29 03:00:00+00:00,10870.1,10910.6,10831.4,10899.8,14445,4,0.0,5.5,True,2026-07-29 04:00:00,4.0,2026-07-29,False,False
2026-07-29 07:00:00+00:00,10899.6,10949.3,10858.8,10886.6,22130,4,1.0,4.0,True,2026-07-29 08:00:00,8.0,2026-07-29,True,False
2026-07-29 11:00:00+00:00,10886.8,10908.6,10867.8,10873.8,22742,4,1.0,4.0,True,2026-07-29 12:00:00,12.0,2026-07-29,True,False
2026-07-29 15:00:00+00:00,10874.1,10920.8,10867.1,10913.1,18709,4,0.25,4.0,True,2026-07-29 16:00:00,16.0,2026-07-29,True,False
2026-07-29 19:00:00+00:00,10912.8,10916.3,10804.0,10844.9,18015,3,0.0,5.333333333333333,True,2026-07-29 20:00:00,20.0,2026-07-29,False,False
2026-07-29 23:00:00+00:00,10845.1,10860.4,10826.0,10828.8,18948,4,0.0,6.0,True,2026-07-30 00:00:00,0.0,2026-07-30,False,False
2026-07-30 03:00:00+00:00,10829.3,10876.8,10785.1,10870.3,15860,4,0.0,5.5,True,2026-07-30 04:00:00,4.0,2026-07-30,False,False
2026-07-30 07:00:00+00:00,10870.5,10971.6,10839.0,10904.8,28005,4,1.0,4.0,True,2026-07-30 08:00:00,8.0,2026-07-30,True,False
2026-07-30 11:00:00+00:00,10905.3,10969.1,10892.6,10919.6,24395,4,1.0,4.0,True,2026-07-30 12:00:00,12.0,2026-07-30,True,False
2026-07-30 15:00:00+00:00,10920.1,10928.1,10875.3,10915.6,10999,4,0.25,4.0,True,2026-07-30 16:00:00,16.0,2026-07-30,True,False
2026-07-30 19:00:00+00:00,10915.8,10951.0,10915.8,10941.6,7540,3,0.0,5.333333333333333,True,2026-07-30 20:00:00,20.0,2026-07-30,False,False
2026-07-30 23:00:00+00:00,10941.7,10948.8,10912.4,10931.6,9070,4,0.0,6.0,True,2026-07-31 00:00:00,0.0,2026-07-31,False,False
2026-07-31 03:00:00+00:00,10931.5,10947.5,10884.8,10884.8,6406,4,0.0,5.5,True,2026-07-31 04:00:00,4.0,2026-07-31,False,False
2026-07-31 07:00:00+00:00,10885.3,10981.6,10868.8,10921.6,18838,4,1.0,4.0,True,2026-07-31 08:00:00,8.0,2026-07-31,True,False
2026-07-31 11:00:00+00:00,10921.8,10927.8,10818.1,10876.8,20251,4,1.0,4.0,True,2026-07-31 12:00:00,12.0,2026-07-31,True,False
2026-07-31 15:00:00+00:00,10877.1,10880.8,10845.6,10860.1,11181,4,0.25,4.0,True,2026-07-31 16:00:00,16.0,2026-07-31,True,False
2026-07-31 19:00:00+00:00,10860.3,10879.8,10854.6,10861.3,2167,1,0.0,4.0,True,2026-07-31 20:00:00,20.0,2026-07-31,False,False
2026-08-02 22:00:00+00:00,10895.1,10903.2,10887.5,10888.8,2339,1,0.0,6.0,True,2026-08-02 23:00:00,23.0,2026-08-02,False,False
2026-08-02 23:00:00+00:00,10888.6,10906.2,10869.5,10897.9,9057,4,0.0,6.0,True,2026-08-03 00:00:00,0.0,2026-08-03,False,False
2026-08-03 03:00:00+00:00,10898.1,10913.2,10851.6,10855.6,3633,4,0.0,5.5,True,2026-08-03 04:00:00,4.0,2026-08-03,False,False
2026-08-03 07:00:00+00:00,10857.3,10877.6,10827.3,10857.1,18743,4,1.0,4.0,True,2026-08-03 08:00:00,8.0,2026-08-03,True,False
2026-08-03 11:00:00+00:00,10856.8,10892.1,10823.3,10832.3,18771,4,1.0,4.0,True,2026-08-03 12:00:00,12.0,2026-08-03,True,False
2026-08-03 15:00:00+00:00,10832.6,10868.1,10825.1,10850.6,9053,4,0.25,4.0,True,2026-08-03 16:00:00,16.0,2026-08-03,True,False
2026-08-03 19:00:00+00:00,10851.1,10870.4,10850.8,10869.0,2939,3,0.0,5.333333333333333,True,2026-08-03 20:00:00,20.0,2026-08-03,False,False
2026-08-03 23:00:00+00:00,10869.1,10882.1,10857.2,10875.0,9540,4,0.0,6.0,True,2026-08-04 00:00:00,0.0,2026-08-04,False,False
2026-08-04 03:00:00+00:00,10874.7,10889.1,10863.6,10874.6,6427,4,0.0,5.5,True,2026-08-04 04:00:00,4.0,2026-08-04,False,False
2026-08-04 07:00:00+00:00,10874.3,10922.1,10859.1,10883.3,18753,4,1.0,4.0,True,2026-08-04 08:00:00,8.0,2026-08-04,True,False
2026-08-04 11:00:00+00:00,10883.6,10911.3,10866.1,10893.6,19787,4,1.0,4.0,True,2026-08-04 12:00:00,12.0,2026-08-04,True,False
2026-08-04 15:00:00+00:00,10893.8,10906.6,10869.6,10900.1,8966,4,0.25,4.0,True,2026-08-04 16:00:00,16.0,2026-08-04,True,False
2026-08-04 19:00:00+00:00,10899.8,10906.1,10885.6,10903.3,6251,3,0.0,5.333333333333333,True,2026-08-04 20:00:00,20.0,2026-08-04,False,False
2026-08-04 23:00:00+00:00,10903.9,10920.0,10892.8,10911.0,7107,4,0.0,6.0,True,2026-08-05 00:00:00,0.0,2026-08-05,False,False
2026-08-05 03:00:00+00:00,10910.9,10924.4,10897.6,10899.1,4168,4,0.0,5.5,True,2026-08-05 04:00:00,4.0,2026-08-05,False,False
2026-08-05 07:00:00+00:00,10899.3,10933.1,10829.3,10839.8,17131,4,1.0,4.0,True,2026-08-05 08:00:00,8.0,2026-08-05,True,False
2026-08-05 11:00:00+00:00,10840.1,10942.1,10826.6,10895.3,21821,4,1.0,4.0,True,2026-08-05 12:00:00,12.0,2026-08-05,True,False
2026-08-05 15:00:00+00:00,10895.6,10905.6,10875.6,10883.1,9376,4,0.25,4.0,True,2026-08-05 16:00:00,16.0,2026-08-05,True,False
2026-08-05 19:00:00+00:00,10882.6,10899.3,10871.8,10893.0,4497,3,0.0,5.333333333333333,True,2026-08-05 20:00:00,20.0,2026-08-05,False,False
2026-08-05 23:00:00+00:00,10892.9,10904.6,10882.6,10898.2,7920,4,0.0,6.0,True,2026-08-06 00:00:00,0.0,2026-08-06,False,False
2026-08-06 03:00:00+00:00,10898.1,10926.3,10886.6,10907.6,5413,4,0.0,5.5,True,2026-08-06 04:00:00,4.0,2026-08-06,False,False
2026-08-06 07:00:00+00:00,10907.1,10955.1,10902.6,10917.1,15776,4,1.0,4.0,True,2026-08-06 08:00:00,8.0,2026-08-06,True,False
2026-08-06 11:00:00+00:00,10917.6,10925.6,10875.1,10891.1,15091,4,1.0,4.0,True,2026-08-06 12:00:00,12.0,2026-08-06,True,False
2026-08-06 15:00:00+00:00,10890.6,10897.1,10861.6,10873.3,7555,4,0.25,4.0,True,2026-08-06 16:00:00,16.0,2026-08-06,True,False
2026-08-06 19:00:00+00:00,10873.1,10877.6,10862.6,10876.4,3430,3,0.0,5.333333333333333,True,2026-08-06 20:00:00,20.0,2026-08-06,False,False
2026-08-06 23:00:00+00:00,10876.3,10879.1,10852.2,10861.6,12398,4,0.0,6.0,True,2026-08-07 00:00:00,0.0,2026-08-07,False,False
2026-08-07 03:00:00+00:00,10861.5,10894.3,10857.3,10883.8,7143,4,0.0,5.5,True,2026-08-07 04:00:00,4.0,2026-08-07,False,False
2026-08-07 07:00:00+00:00,10884.3,10961.1,10878.3,10959.3,14463,4,1.0,4.0,True,2026-08-07 08:00:00,8.0,2026-08-07,True,False
2026-08-07 11:00:00+00:00,10959.6,10969.3,10911.6,10929.1,16041,4,1.0,4.0,True,2026-08-07 12:00:00,12.0,2026-08-07,True,False
2026-08-07 15:00:00+00:00,10928.8,10930.1,10885.1,10890.8,7352,4,0.25,4.0,True,2026-08-07 16:00:00,16.0,2026-08-07,True,False
2026-08-07 19:00:00+00:00,10891.3,10910.8,10890.6,10902.8,2087,1,0.0,4.0,True,2026-08-07 20:00:00,20.0,2026-08-07,False,False
2026-08-09 22:00:00+00:00,10895.4,10898.3,10888.6,10893.7,1651,1,0.0,6.0,True,2026-08-09 23:00:00,23.0,2026-08-09,False,False
2026-08-09 23:00:00+00:00,10893.8,10897.8,10867.9,10869.1,6955,4,0.0,6.0,True,2026-08-10 00:00:00,0.0,2026-08-10,False,False
2026-08-10 03:00:00+00:00,10869.5,10894.6,10858.1,10892.3,3529,4,0.0,5.5,True,2026-08-10 04:00:00,4.0,2026-08-10,False,False
2026-08-10 07:00:00+00:00,10893.8,10906.3,10862.3,10870.6,8614,4,1.0,4.0,True,2026-08-10 08:00:00,8.0,2026-08-10,True,False
2026-08-10 11:00:00+00:00,10870.3,10890.3,10831.1,10867.1,10235,4,1.0,4.0,True,2026-08-10 12:00:00,12.0,2026-08-10,True,False
2026-08-10 15:00:00+00:00,10867.6,10875.3,10845.1,10861.8,5278,4,0.25,4.0,True,2026-08-10 16:00:00,16.0,2026-08-10,True,False
2026-08-10 19:00:00+00:00,10862.3,10870.3,10857.8,10860.5,1743,3,0.0,5.333333333333333,True,2026-08-10 20:00:00,20.0,2026-08-10,False,False
2026-08-10 23:00:00+00:00,10860.8,10876.2,10853.9,10868.4,5905,4,0.0,6.0,True,2026-08-11 00:00:00,0.0,2026-08-11,False,False
2026-08-11 03:00:00+00:00,10868.5,10874.4,10841.1,10862.6,3885,4,0.0,5.5,True,2026-08-11 04:00:00,4.0,2026-08-11,False,False
2026-08-11 07:00:00+00:00,10863.1,10879.1,10826.6,10875.1,11901,4,1.0,4.0,True,2026-08-11 08:00:00,8.0,2026-08-11,True,False
2026-08-11 11:00:00+00:00,10873.6,10899.1,10855.1,10857.6,12904,4,1.0,4.0,True,2026-08-11 12:00:00,12.0,2026-08-11,True,False
2026-08-11 15:00:00+00:00,10858.1,10866.1,10814.6,10823.3,7180,4,0.25,4.0,True,2026-08-11 16:00:00,16.0,2026-08-11,True,False
2026-08-11 19:00:00+00:00,10823.1,10835.5,10823.1,10830.8,2185,3,0.0,5.333333333333333,True,2026-08-11 20:00:00,20.0,2026-08-11,False,False
2026-08-11 23:00:00+00:00,10830.6,10833.8,10820.9,10825.6,5548,4,0.0,6.0,True,2026-08-12 00:00:00,0.0,2026-08-12,False,False
2026-08-12 03:00:00+00:00,10825.7,10842.3,10821.1,10842.1,2948,4,0.0,5.5,True,2026-08-12 04:00:00,4.0,2026-08-12,False,False
2026-08-12 07:00:00+00:00,10844.1,10864.1,10822.1,10861.3,10531,4,1.0,4.0,True,2026-08-12 08:00:00,8.0,2026-08-12,True,False
2026-08-12 11:00:00+00:00,10861.8,10867.0,10810.6,10823.3,13488,4,1.0,4.0,True,2026-08-12 12:00:00,12.0,2026-08-12,True,False
2026-08-12 15:00:00+00:00,10823.1,10851.1,10811.3,10847.3,5738,4,0.25,4.0,True,2026-08-12 16:00:00,16.0,2026-08-12,True,False
2026-08-12 19:00:00+00:00,10847.1,10862.6,10844.1,10856.0,2295,3,0.0,5.333333333333333,True,2026-08-12 20:00:00,20.0,2026-08-12,False,False
2026-08-12 23:00:00+00:00,10855.8,10859.0,10842.9,10853.2,5057,4,0.0,6.0,True,2026-08-13 00:00:00,0.0,2026-08-13,False,False
2026-08-13 03:00:00+00:00,10853.0,10870.6,10841.6,10860.8,2917,4,0.0,5.5,True,2026-08-13 04:00:00,4.0,2026-08-13,False,False
2026-08-13 07:00:00+00:00,10862.3,10868.6,10808.6,10844.1,9407,4,1.0,4.0,True,2026-08-13 08:00:00,8.0,2026-08-13,True,False
2026-08-13 11:00:00+00:00,10842.6,10849.3,10801.8,10804.6,12094,4,1.0,4.0,True,2026-08-13 12:00:00,12.0,2026-08-13,True,False
2026-08-13 15:00:00+00:00,10804.8,10833.3,10784.8,10828.3,6717,4,0.25,4.0,True,2026-08-13 16:00:00,16.0,2026-08-13,True,False
2026-08-13 19:00:00+00:00,10828.1,10830.7,10822.2,10827.9,1944,3,0.0,5.333333333333333,True,2026-08-13 20:00:00,20.0,2026-08-13,False,False
2026-08-13 23:00:00+00:00,10828.0,10833.3,10821.1,10825.2,3540,4,0.0,6.0,True,2026-08-14 00:00:00,0.0,2026-08-14,False,False
2026-08-14 03:00:00+00:00,10825.1,10829.6,10809.6,10815.1,1990,4,0.0,5.5,True,2026-08-14 04:00:00,4.0,2026-08-14,False,False
2026-08-14 07:00:00+00:00,10814.8,10821.8,10751.1,10794.3,10157,4,1.0,4.0,True,2026-08-14 08:00:00,8.0,2026-08-14,True,False
2026-08-14 11:00:00+00:00,10794.1,10809.3,10775.8,10786.6,9883,4,1.0,4.0,True,2026-08-14 12:00:00,12.0,2026-08-14,True,False
2026-08-14 15:00:00+00:00,10786.8,10796.1,10761.3,10794.6,4743,4,0.25,4.0,True,2026-08-14 16:00:00,16.0,2026-08-14,True,False
2026-08-14 19:00:00+00:00,10794.3,10795.3,10777.1,10787.8,919,1,0.0,4.0,True,2026-08-14 20:00:00,20.0,2026-08-14,False,False
2026-08-16 22:00:00+00:00,10790.4,10793.1,10789.9,10792.3,446,1,0.0,6.0,True,2026-08-16 23:00:00,23.0,2026-08-16,False,False
2026-08-16 23:00:00+00:00,10792.2,10799.5,10783.6,10792.8,2498,4,0.0,6.0,True,2026-08-17 00:00:00,0.0,2026-08-17,False,False
2026-08-17 03:00:00+00:00,10792.9,10822.8,10792.9,10818.6,1938,4,0.0,5.5,True,2026-08-17 04:00:00,4.0,2026-08-17,False,False
2026-08-17 07:00:00+00:00,10819.3,10825.1,10774.6,10791.6,9570,4,1.0,4.0,True,2026-08-17 08:00:00,8.0,2026-08-17,True,False
2026-08-17 11:00:00+00:00,10791.1,10803.3,10752.6,10755.6,9701,4,1.0,4.0,True,2026-08-17 12:00:00,12.0,2026-08-17,True,False
2026-08-17 15:00:00+00:00,10756.3,10760.8,10738.8,10750.8,4908,4,0.25,4.0,True,2026-08-17 16:00:00,16.0,2026-08-17,True,False
2026-08-17 19:00:00+00:00,10751.3,10763.6,10748.3,10757.4,2271,3,0.0,5.333333333333333,True,2026-08-17 20:00:00,20.0,2026-08-17,False,False
2026-08-17 23:00:00+00:00,10757.3,10770.9,10752.2,10756.9,6347,4,0.0,6.0,True,2026-08-18 00:00:00,0.0,2026-08-18,False,False
2026-08-18 03:00:00+00:00,10757.2,10781.1,10745.8,10777.6,7051,4,0.0,5.5,True,2026-08-18 04:00:00,4.0,2026-08-18,False,False
2026-08-18 07:00:00+00:00,10778.6,10778.6,10730.6,10757.1,14914,4,1.0,4.0,True,2026-08-18 08:00:00,8.0,2026-08-18,True,False
2026-08-18 11:00:00+00:00,10756.6,10811.1,10751.1,10759.8,13721,4,1.0,4.0,True,2026-08-18 12:00:00,12.0,2026-08-18,True,False
2026-08-18 15:00:00+00:00,10759.6,10770.6,10744.3,10759.3,6979,4,0.25,4.0,True,2026-08-18 16:00:00,16.0,2026-08-18,True,False
2026-08-18 19:00:00+00:00,10759.8,10768.1,10749.5,10749.8,2664,3,0.0,5.333333333333333,True,2026-08-18 20:00:00,20.0,2026-08-18,False,False
2026-08-18 23:00:00+00:00,10749.9,10759.4,10741.2,10750.7,6937,4,0.0,6.0,True,2026-08-19 00:00:00,0.0,2026-08-19,False,False
2026-08-19 03:00:00+00:00,10750.8,10770.6,10730.6,10769.6,5170,4,0.0,5.5,True,2026-08-19 04:00:00,4.0,2026-08-19,False,False
2026-08-19 07:00:00+00:00,10769.3,10775.3,10725.8,10742.3,11762,4,1.0,4.0,True,2026-08-19 08:00:00,8.0,2026-08-19,True,False
2026-08-19 11:00:00+00:00,10741.1,10792.6,10740.1,10779.1,16040,4,1.0,4.0,True,2026-08-19 12:00:00,12.0,2026-08-19,True,False
2026-08-19 15:00:00+00:00,10779.6,10781.1,10761.6,10775.6,7831,4,0.25,4.0,True,2026-08-19 16:00:00,16.0,2026-08-19,True,False
2026-08-19 19:00:00+00:00,10775.3,10787.4,10770.1,10786.3,2775,3,0.0,5.333333333333333,True,2026-08-19 20:00:00,20.0,2026-08-19,False,False
2026-08-19 23:00:00+00:00,10786.4,10790.2,10769.9,10774.8,8092,4,0.0,6.0,True,2026-08-20 00:00:00,0.0,2026-08-20,False,False
2026-08-20 03:00:00+00:00,10775.5,10792.3,10771.8,10778.1,4827,4,0.0,5.5,True,2026-08-20 04:00:00,4.0,2026-08-20,False,False
2026-08-20 07:00:00+00:00,10777.8,10777.8,10728.1,10737.1,14173,4,1.0,4.0,True,2026-08-20 08:00:00,8.0,2026-08-20,True,False
2026-08-20 11:00:00+00:00,10736.8,10785.3,10710.3,10784.3,16701,4,1.0,4.0,True,2026-08-20 12:00:00,12.0,2026-08-20,True,False
2026-08-20 15:00:00+00:00,10784.6,10795.6,10758.8,10764.1,8271,4,0.25,4.0,True,2026-08-20 16:00:00,16.0,2026-08-20,True,False
2026-08-20 19:00:00+00:00,10763.8,10771.8,10759.1,10771.6,3131,3,0.0,5.333333333333333,True,2026-08-20 20:00:00,20.0,2026-08-20,False,False
2026-08-20 23:00:00+00:00,10771.5,10781.9,10755.2,10780.6,6523,4,0.0,6.0,True,2026-08-21 00:00:00,0.0,2026-08-21,False,False
2026-08-21 03:00:00+00:00,10780.8,10797.1,10777.7,10790.1,3389,4,0.0,5.5,True,2026-08-21 04:00:00,4.0,2026-08-21,False,False
2026-08-21 07:00:00+00:00,10785.1,10815.8,10762.3,10785.1,11526,4,1.0,4.0,True,2026-08-21 08:00:00,8.0,2026-08-21,True,False
2026-08-21 11:00:00+00:00,10785.6,10861.1,10782.3,10848.1,11542,4,1.0,4.0,True,2026-08-21 12:00:00,12.0,2026-08-21,True,False
2026-08-21 15:00:00+00:00,10848.3,10853.3,10831.6,10840.6,4776,4,0.25,4.0,True,2026-08-21 16:00:00,16.0,2026-08-21,True,False
