time,open,high,low,close,volume
2026-06-11 17:00:00+00:00,10398.0,10431.0,10395.0,10413.5,4493
2026-06-11 18:00:00+00:00,10413.8,10419.3,10395.3,10415.3,4876
2026-06-11 19:00:00+00:00,10416.0,10453.8,10415.0,10437.3,4959
2026-06-11 20:00:00+00:00,10436.7,10449.0,10431.2,10439.1,2519
2026-06-11 22:00:00+00:00,10444.6,10457.7,10442.8,10450.5,2399
2026-06-11 23:00:00+00:00,10450.7,10455.4,10441.7,10453.4,2884
2026-06-12 00:00:00+00:00,10450.7,10450.7,10427.1,10434.1,5342
2026-06-12 01:00:00+00:00,10433.3,10442.9,10415.3,10440.9,7999
2026-06-12 02:00:00+00:00,10440.7,10445.2,10427.0,10433.5,5704
2026-06-12 03:00:00+00:00,10433.6,10434.8,10422.3,10428.4,5400
2026-06-12 04:00:00+00:00,10428.3,10431.8,10419.6,10428.8,4005
2026-06-12 05:00:00+00:00,10428.6,10434.3,10401.8,10408.0,5715
2026-06-12 06:00:00+00:00,10412.0,10428.1,10400.8,10401.8,3512
2026-06-12 07:00:00+00:00,10404.0,10477.0,10401.0,10464.8,7585
2026-06-12 08:00:00+00:00,10465.8,10504.3,10461.3,10469.8,6327
2026-06-12 09:00:00+00:00,10470.3,10483.0,10459.3,10459.8,4197
2026-06-12 10:00:00+00:00,10459.5,10464.8,10432.3,10449.8,4153
2026-06-12 11:00:00+00:00,10449.3,10471.3,10445.3,10447.6,3553
2026-06-12 12:00:00+00:00,10447.8,10450.1,10420.1,10425.3,3605
2026-06-12 13:00:00+00:00,10425.8,10474.3,10425.3,10467.3,7469
2026-06-12 14:00:00+00:00,10467.6,10502.3,10466.8,10498.8,7179
2026-06-12 15:00:00+00:00,10499.3,10515.6,10488.3,10492.3,7185
2026-06-12 16:00:00+00:00,10491.8,10513.5,10479.8,10496.6,5113
2026-06-12 17:00:00+00:00,10496.8,10509.3,10495.3,10502.8,2531
2026-06-12 18:00:00+00:00,10502.6,10511.3,10499.6,10503.8,1912
2026-06-12 19:00:00+00:00,10504.3,10519.8,10493.0,10502.8,2464
2026-06-14 22:00:00+00:00,10568.6,10576.9,10562.8,10566.7,3920
2026-06-14 23:00:00+00:00,10567.0,10570.7,10555.8,10565.8,3416
2026-06-15 00:00:00+00:00,10551.7,10572.8,10528.2,10557.6,3886
2026-06-15 01:00:00+00:00,10557.7,10562.6,10552.0,10554.8,2884
2026-06-15 02:00:00+00:00,10554.6,10563.8,10551.2,10562.3,1768
2026-06-15 03:00:00+00:00,10562.1,10568.9,10560.7,10565.8,1670
2026-06-15 04:00:00+00:00,10565.6,10573.6,10564.6,10572.1,1283
2026-06-15 05:00:00+00:00,10572.0,10581.8,10567.0,10571.0,932
2026-06-15 06:00:00+00:00,10572.3,10596.6,10569.8,10587.6,1832
2026-06-15 07:00:00+00:00,10587.8,10604.8,10554.3,10557.1,5786
2026-06-15 08:00:00+00:00,10557.3,10563.6,10530.1,10534.6,3359
2026-06-15 09:00:00+00:00,10534.8,10534.8,10508.8,10520.3,2572
2026-06-15 10:00:00+00:00,10520.1,10523.8,10511.6,10516.3,1800
2026-06-15 11:00:00+00:00,10516.6,10522.6,10510.1,10512.3,1918
2026-06-15 12:00:00+00:00,10512.6,10521.6,10506.1,10513.6,2252
2026-06-15 13:00:00+00:00,10513.8,10515.6,10459.6,10461.3,4369
2026-06-15 14:00:00+00:00,10461.8,10475.3,10454.6,10468.8,4423
2026-06-15 15:00:00+00:00,10469.1,10481.3,10452.6,10469.3,4514
2026-06-15 16:00:00+00:00,10469.6,10470.3,10454.1,10456.8,1734
2026-06-15 17:00:00+00:00,10456.1,10459.1,10443.3,10446.1,1091
2026-06-15 18:00:00+00:00,10446.3,10449.6,10434.3,10444.1,1245
2026-06-15 19:00:00+00:00,10444.6,10452.1,10434.1,10446.8,1543
2026-06-15 20:00:00+00:00,10446.1,10446.5,10439.8,10440.3,1136
2026-06-15 22:00:00+00:00,10441.3,10442.5,10428.3,10433.2,1911
2026-06-15 23:00:00+00:00,10433.1,10437.3,10430.5,10437.0,1502
2026-06-16 00:00:00+00:00,10437.5,10461.5,10437.1,10457.6,3416
2026-06-16 01:00:00+00:00,10458.0,10461.8,10446.8,10451.5,3751
2026-06-16 02:00:00+00:00,10451.7,10455.4,10446.1,10447.6,1999
2026-06-16 03:00:00+00:00,10447.0,10460.2,10446.8,10452.0,1957
2026-06-16 04:00:00+00:00,10451.8,10459.6,10448.6,10458.6,1786
2026-06-16 05:00:00+00:00,10458.8,10468.3,10452.0,10458.3,1273
2026-06-16 06:00:00+00:00,10459.5,10479.8,10452.8,10476.8,1767
2026-06-16 07:00:00+00:00,10477.3,10491.6,10463.6,10477.1,3934
2026-06-16 08:00:00+00:00,10477.3,10532.1,10476.1,10521.6,2896
2026-06-16 09:00:00+00:00,10520.8,10535.3,10519.3,10532.1,2070
2026-06-16 10:00:00+00:00,10532.3,10539.6,10511.3,10524.6,1752
2026-06-16 11:00:00+00:00,10524.8,10529.6,10513.1,10528.3,1949
2026-06-16 12:00:00+00:00,10528.1,10534.1,10517.8,10531.6,2342
2026-06-16 13:00:00+00:00,10532.1,10550.6,10525.3,10543.6,3932
2026-06-16 14:00:00+00:00,10543.1,10558.3,10523.1,10528.6,4434
2026-06-16 15:00:00+00:00,10528.1,10543.1,10520.6,10530.1,4886
2026-06-16 16:00:00+00:00,10529.6,10539.6,10526.6,10536.1,1974
2026-06-16 17:00:00+00:00,10535.8,10537.8,10525.6,10532.1,1208
2026-06-16 18:00:00+00:00,10531.8,10531.8,10512.1,10512.1,885
2026-06-16 19:00:00+00:00,10511.8,10512.1,10497.3,10499.0,1963
2026-06-16 20:00:00+00:00,10497.8,10498.0,10491.4,10493.3,1243
2026-06-16 22:00:00+00:00,10496.5,10509.7,10496.2,10508.9,1135
2026-06-16 23:00:00+00:00,10508.7,10509.0,10501.6,10503.8,1662
2026-06-17 00:00:00+00:00,10505.6,10505.8,10492.2,10500.5,2796
2026-06-17 01:00:00+00:00,10500.6,10523.6,10495.7,10523.4,2416
2026-06-17 02:00:00+00:00,10523.6,10525.9,10514.3,10516.9,1131
2026-06-17 03:00:00+00:00,10516.8,10524.0,10509.7,10522.0,1445
2026-06-17 04:00:00+00:00,10522.3,10524.3,10513.1,10518.6,1526
2026-06-17 05:00:00+00:00,10518.0,10525.8,10514.8,10516.0,927
2026-06-17 06:00:00+00:00,10517.3,10537.3,10516.3,10525.1,1443
2026-06-17 07:00:00+00:00,10524.8,10540.6,10506.6,10509.6,3617
2026-06-17 08:00:00+00:00,10509.3,10519.8,10500.8,10514.3,2762
2026-06-17 09:00:00+00:00,10513.8,10525.8,10511.1,10521.8,1939
2026-06-17 10:00:00+00:00,10522.1,10541.6,10519.3,10534.6,1782
2026-06-17 11:00:00+00:00,10533.6,10534.1,10521.8,10525.6,1653
2026-06-17 12:00:00+00:00,10525.8,10533.8,10515.6,10520.8,1899
2026-06-17 13:00:00+00:00,10521.1,10530.3,10510.1,10528.0,3408
2026-06-17 14:00:00+00:00,10528.6,10544.1,10513.3,10530.6,4835
2026-06-17 15:00:00+00:00,10530.8,10555.8,10525.3,10541.1,5161
2026-06-17 16:00:00+00:00,10541.3,10543.8,10527.8,10531.1,1448
2026-06-17 17:00:00+00:00,10530.6,10537.3,10518.0,10534.8,2754
2026-06-17 18:00:00+00:00,10535.0,10543.3,10495.0,10522.6,14506
2026-06-17 19:00:00+00:00,10522.8,10535.5,10476.0,10477.5,16966
2026-06-17 20:00:00+00:00,10478.7,10498.0,10475.0,10493.7,2805
2026-06-17 22:00:00+00:00,10491.7,10511.6,10491.7,10509.5,2170
2026-06-17 23:00:00+00:00,10509.7,10521.5,10508.3,10518.5,1723
2026-06-18 00:00:00+00:00,10523.7,10540.5,10480.7,10485.2,4824
2026-06-18 01:00:00+00:00,10485.2,10501.2,10482.1,10492.6,4016
2026-06-18 02:00:00+00:00,10492.7,10503.0,10489.3,10496.0,3331
2026-06-18 03:00:00+00:00,10496.1,10505.0,10486.3,10503.0,2318
2026-06-18 04:00:00+00:00,10502.0,10509.2,10493.9,10499.1,2764
2026-06-18 05:00:00+00:00,10499.5,10519.3,10493.8,10506.5,2216
2026-06-18 06:00:00+00:00,10507.0,10510.8,10486.1,10506.1,3498
2026-06-18 07:00:00+00:00,10505.8,10521.8,10467.3,10487.8,7570
2026-06-18 08:00:00+00:00,10487.6,10492.6,10434.8,10435.1,5135
2026-06-18 09:00:00+00:00,10434.8,10461.6,10429.3,10456.3,3622
2026-06-18 10:00:00+00:00,10456.6,10459.1,10433.3,10437.0,3577
2026-06-18 11:00:00+00:00,10436.5,10445.3,10427.3,10444.8,4041
2026-06-18 12:00:00+00:00,10445.1,10472.1,10442.8,10464.1,3986
2026-06-18 13:00:00+00:00,10464.3,10467.3,10421.3,10423.6,7153
2026-06-18 14:00:00+00:00,10423.3,10453.3,10418.6,10453.3,6258
2026-06-18 15:00:00+00:00,10453.6,10455.8,10432.6,10443.1,7501
2026-06-18 16:00:00+00:00,10443.8,10458.8,10443.6,10448.3,2788
2026-06-18 17:00:00+00:00,10448.6,10462.1,10441.1,10460.8,1741
2026-06-18 18:00:00+00:00,10460.3,10467.3,10454.1,10456.1,1944
2026-06-18 19:00:00+00:00,10455.8,10462.8,10446.6,10454.3,2574
2026-06-18 20:00:00+00:00,10455.0,10466.6,10450.1,10462.1,1327
2026-06-18 22:00:00+00:00,10462.7,10462.9,10447.4,10448.9,1717
2026-06-18 23:00:00+00:00,10448.8,10455.7,10448.2,10453.7,1691
2026-06-19 00:00:00+00:00,10451.1,10452.8,10424.6,10429.8,2560
2026-06-19 01:00:00+00:00,10429.9,10432.6,10424.9,10425.1,1680
2026-06-19 02:00:00+00:00,10425.0,10425.8,10413.1,10420.0,1249
2026-06-19 03:00:00+00:00,10420.1,10422.4,10406.9,10413.8,2892
2026-06-19 04:00:00+00:00,10413.6,10415.1,10396.0,10397.9,2871
2026-06-19 05:00:00+00:00,10397.5,10413.3,10397.3,10411.0,1110
2026-06-19 06:00:00+00:00,10412.3,10433.1,10411.8,10427.6,1575
2026-06-19 07:00:00+00:00,10428.6,10460.1,10422.6,10456.6,3388
2026-06-19 08:00:00+00:00,10456.3,10461.6,10438.6,10452.1,1814
2026-06-19 09:00:00+00:00,10452.3,10457.1,10414.6,10423.1,3295
2026-06-19 10:00:00+00:00,10423.6,10429.1,10407.1,10417.6,2021
2026-06-19 11:00:00+00:00,10416.8,10418.1,10399.6,10407.6,1838
2026-06-19 12:00:00+00:00,10407.8,10428.6,10392.5,10425.6,2480
2026-06-19 13:00:00+00:00,10425.8,10428.6,10409.1,10417.1,2551
2026-06-19 14:00:00+00:00,10417.6,10419.1,10398.6,10399.1,1912
2026-06-19 15:00:00+00:00,10399.3,10416.8,10382.3,10415.1,3639
2026-06-19 16:00:00+00:00,10414.6,10423.1,10393.6,10396.1,877
2026-06-19 17:00:00+00:00,10396.6,10399.3,10393.0,10396.5,210
2026-06-19 18:00:00+00:00,10397.0,10400.8,10397.0,10398.6,144
2026-06-19 19:00:00+00:00,10398.3,10403.0,10396.5,10398.5,490
2026-06-21 22:00:00+00:00,10394.3,10396.6,10372.3,10376.6,2923
2026-06-21 23:00:00+00:00,10376.7,10376.9,10351.7,10353.5,4007
2026-06-22 00:00:00+00:00,10368.3,10412.8,10368.3,10411.3,4922
2026-06-22 01:00:00+00:00,10411.4,10416.2,10387.4,10389.6,4409
2026-06-22 02:00:00+00:00,10389.8,10396.8,10387.4,10391.8,3493
2026-06-22 03:00:00+00:00,10391.6,10394.9,10387.5,10394.0,2319
2026-06-22 04:00:00+00:00,10393.9,10402.0,10389.9,10399.8,3193
2026-06-22 05:00:00+00:00,10400.2,10413.6,10393.6,10408.6,2018
2026-06-22 06:00:00+00:00,10409.8,10435.6,10406.1,10419.3,1386
2026-06-22 07:00:00+00:00,10419.6,10425.1,10389.8,10401.8,4004
2026-06-22 08:00:00+00:00,10402.6,10405.1,10385.1,10388.1,2854
2026-06-22 09:00:00+00:00,10387.8,10410.1,10383.3,10391.1,2714
2026-06-22 10:00:00+00:00,10390.8,10434.1,10390.8,10429.6,2270
2026-06-22 11:00:00+00:00,10430.1,10457.1,10429.6,10456.1,2604
2026-06-22 12:00:00+00:00,10456.3,10465.6,10448.3,10460.1,2017
2026-06-22 13:00:00+00:00,10460.3,10477.3,10454.1,10459.8,4784
2026-06-22 14:00:00+00:00,10459.6,10474.1,10448.1,10471.6,4614
2026-06-22 15:00:00+00:00,10471.8,10486.8,10463.8,10479.3,3747
2026-06-22 16:00:00+00:00,10480.1,10485.3,10472.3,10483.1,1712
2026-06-22 17:00:00+00:00,10483.6,10483.8,10462.6,10468.8,1033
2026-06-22 18:00:00+00:00,10468.3,10474.1,10461.1,10462.1,1187
2026-06-22 19:00:00+00:00,10462.6,10468.1,10451.8,10465.0,1565
2026-06-22 20:00:00+00:00,10464.8,10473.3,10464.6,10465.2,1011
2026-06-22 22:00:00+00:00,10465.9,10467.3,10451.3,10453.9,1827
2026-06-22 23:00:00+00:00,10453.7,10454.9,10448.1,10453.4,1856
2026-06-23 00:00:00+00:00,10448.8,10465.8,10448.0,10456.3,4432
2026-06-23 01:00:00+00:00,10456.4,10458.4,10428.8,10435.8,5054
2026-06-23 02:00:00+00:00,10436.1,10438.4,10405.9,10406.6,4256
2026-06-23 03:00:00+00:00,10407.1,10407.3,10375.2,10396.6,3964
2026-06-23 04:00:00+00:00,10396.7,10402.3,10383.3,10387.9,3085
2026-06-23 05:00:00+00:00,10388.1,10390.5,10367.1,10367.1,2944
2026-06-23 06:00:00+00:00,10368.6,10380.8,10357.1,10367.6,3355
2026-06-23 07:00:00+00:00,10366.8,10417.1,10366.8,10375.0,5948
2026-06-23 08:00:00+00:00,10375.6,10414.3,10368.1,10413.6,4034
2026-06-23 09:00:00+00:00,10414.1,10444.6,10412.6,10441.6,2739
2026-06-23 10:00:00+00:00,10441.1,10459.8,10424.3,10426.1,2676
2026-06-23 11:00:00+00:00,10426.6,10436.1,10415.6,10429.1,2727
2026-06-23 12:00:00+00:00,10430.1,10444.1,10422.3,10433.3,2704
2026-06-23 13:00:00+00:00,10433.6,10485.6,10421.1,10481.1,5190
2026-06-23 14:00:00+00:00,10481.3,10498.1,10476.1,10493.8,4463
2026-06-23 15:00:00+00:00,10494.1,10500.1,10465.6,10488.3,4097
2026-06-23 16:00:00+00:00,10488.8,10500.8,10486.8,10500.8,1609
2026-06-23 17:00:00+00:00,10500.6,10509.1,10494.1,10495.1,1233
2026-06-23 18:00:00+00:00,10494.8,10501.1,10475.8,10483.1,1722
2026-06-23 19:00:00+00:00,10482.8,10490.6,10461.8,10462.8,2862
2026-06-23 20:00:00+00:00,10464.6,10475.2,10460.9,10474.2,1421
2026-06-23 22:00:00+00:00,10474.7,10480.7,10457.9,10463.6,3034
2026-06-23 23:00:00+00:00,10463.8,10482.7,10449.3,10471.2,3815
2026-06-24 00:00:00+00:00,10465.1,10478.5,10450.3,10463.4,7658
2026-06-24 01:00:00+00:00,10463.5,10471.7,10458.8,10463.9,8250
2026-06-24 02:00:00+00:00,10463.6,10464.4,10432.5,10432.5,5889
2026-06-24 03:00:00+00:00,10432.8,10453.8,10431.4,10432.4,6840
2026-06-24 04:00:00+00:00,10432.7,10438.0,10410.4,10434.0,5646
2026-06-24 05:00:00+00:00,10434.2,10463.3,10431.6,10450.1,3478
2026-06-24 06:00:00+00:00,10452.1,10469.3,10439.6,10459.8,2439
2026-06-24 07:00:00+00:00,10460.6,10475.8,10437.8,10446.1,7272
2026-06-24 08:00:00+00:00,10445.8,10469.1,10443.8,10463.1,4111
2026-06-24 09:00:00+00:00,10462.8,10470.8,10448.1,10461.6,2658
2026-06-24 10:00:00+00:00,10461.8,10478.1,10456.1,10466.6,2914
2026-06-24 11:00:00+00:00,10467.1,10480.1,10461.1,10472.1,2791
2026-06-24 12:00:00+00:00,10472.3,10482.6,10464.8,10467.6,2836
2026-06-24 13:00:00+00:00,10467.8,10498.6,10449.1,10498.1,6473
2026-06-24 14:00:00+00:00,10498.3,10505.8,10486.1,10490.6,5989
2026-06-24 15:00:00+00:00,10490.1,10502.8,10473.1,10496.6,4645
2026-06-24 16:00:00+00:00,10496.3,10501.6,10480.3,10481.1,2536
2026-06-24 17:00:00+00:00,10481.3,10484.3,10452.3,10459.1,4065
2026-06-24 18:00:00+00:00,10459.3,10486.3,10456.6,10474.1,3848
2026-06-24 19:00:00+00:00,10474.6,10491.6,10462.6,10479.3,4744
2026-06-24 20:00:00+00:00,10478.0,10504.8,10470.8,10497.8,4729
2026-06-24 22:00:00+00:00,10502.4,10502.8,10490.8,10491.3,2689
2026-06-24 23:00:00+00:00,10491.2,10505.4,10489.1,10496.2,2343
2026-06-25 00:00:00+00:00,10487.5,10489.2,10471.0,10476.5,5962
2026-06-25 01:00:00+00:00,10477.1,10486.0,10466.6,10469.0,5644
2026-06-25 02:00:00+00:00,10469.2,10471.2,10451.3,10463.3,4306
2026-06-25 03:00:00+00:00,10463.5,10468.2,10451.9,10458.6,3067
2026-06-25 04:00:00+00:00,10458.7,10461.6,10449.9,10459.3,2288
2026-06-25 05:00:00+00:00,10459.1,10473.1,10456.1,10464.0,1556
2026-06-25 06:00:00+00:00,10464.8,10472.6,10449.1,10467.3,1768
2026-06-25 07:00:00+00:00,10467.6,10513.1,10453.6,10504.1,4970
2026-06-25 08:00:00+00:00,10504.3,10531.1,10499.8,10526.3,2760
2026-06-25 09:00:00+00:00,10527.1,10542.8,10517.6,10528.1,2220
2026-06-25 10:00:00+00:00,10527.8,10540.3,10525.1,10537.6,1920
2026-06-25 11:00:00+00:00,10537.3,10569.6,10537.1,10565.6,2254
2026-06-25 12:00:00+00:00,10565.8,10598.3,10561.8,10588.1,3421
2026-06-25 13:00:00+00:00,10588.3,10595.3,10554.8,10565.1,6457
2026-06-25 14:00:00+00:00,10566.1,10617.1,10565.3,10595.3,7549
2026-06-25 15:00:00+00:00,10595.8,10597.6,10564.1,10585.1,6917
2026-06-25 16:00:00+00:00,10584.8,10597.6,10560.1,10568.1,2861
2026-06-25 17:00:00+00:00,10567.8,10573.1,10555.8,10567.8,2515
2026-06-25 18:00:00+00:00,10568.1,10572.1,10546.8,10557.1,3307
2026-06-25 19:00:00+00:00,10556.8,10564.6,10551.6,10563.0,2273
2026-06-25 20:00:00+00:00,10562.3,10585.7,10562.1,10568.9,2508
2026-06-25 22:00:00+00:00,10560.6,10561.6,10550.4,10559.6,2774
2026-06-25 23:00:00+00:00,10559.5,10588.2,10551.6,10555.5,3869
2026-06-26 00:00:00+00:00,10552.6,10559.4,10542.2,10545.5,8813
2026-06-26 01:00:00+00:00,10545.8,10554.3,10527.9,10533.2,8501
2026-06-26 02:00:00+00:00,10533.3,10534.3,10478.3,10485.2,7719
2026-06-26 03:00:00+00:00,10485.7,10494.6,10465.3,10493.8,7736
2026-06-26 04:00:00+00:00,10494.0,10498.1,10485.0,10492.9,7174
2026-06-26 05:00:00+00:00,10493.1,10518.3,10492.5,10509.6,4519
2026-06-26 06:00:00+00:00,10510.8,10546.8,10497.6,10537.1,3207
2026-06-26 07:00:00+00:00,10536.6,10551.1,10514.8,10529.1,6473
2026-06-26 08:00:00+00:00,10528.8,10537.8,10493.3,10503.1,5141
2026-06-26 09:00:00+00:00,10502.8,10507.1,10483.1,10495.6,4439
2026-06-26 10:00:00+00:00,10495.8,10496.3,10478.3,10484.1,3370
2026-06-26 11:00:00+00:00,10484.3,10491.8,10468.1,10469.1,3208
2026-06-26 12:00:00+00:00,10469.3,10476.8,10444.1,10449.6,3982
2026-06-26 13:00:00+00:00,10450.1,10499.3,10439.6,10496.6,7595
2026-06-26 14:00:00+00:00,10497.1,10535.6,10494.3,10532.1,6423
2026-06-26 15:00:00+00:00,10532.6,10565.1,10522.3,10557.8,5498
2026-06-26 16:00:00+00:00,10558.3,10558.8,10525.8,10540.1,2977
2026-06-26 17:00:00+00:00,10540.3,10550.6,10538.1,10538.8,2361
2026-06-26 18:00:00+00:00,10539.1,10541.6,10518.1,10521.8,2401
2026-06-26 19:00:00+00:00,10522.3,10525.8,10504.1,10515.0,3162
2026-06-28 22:00:00+00:00,10526.0,10530.8,10515.3,10523.0,3368
2026-06-28 23:00:00+00:00,10522.9,10542.7,10521.5,10534.8,3102
2026-06-29 00:00:00+00:00,10537.8,10548.3,10529.9,10539.4,7459
2026-06-29 01:00:00+00:00,10539.5,10542.8,10522.1,10535.1,7698
2026-06-29 02:00:00+00:00,10535.2,10559.0,10529.8,10556.3,5964
2026-06-29 03:00:00+00:00,10556.8,10561.7,10550.6,10558.7,4625
2026-06-29 04:00:00+00:00,10558.3,10558.8,10542.8,10545.3,3104
2026-06-29 05:00:00+00:00,10545.1,10562.3,10541.3,10559.1,3057
2026-06-29 06:00:00+00:00,10559.6,10566.8,10538.1,10540.1,1933
2026-06-29 07:00:00+00:00,10540.6,10546.3,10519.1,10539.1,5470
2026-06-29 08:00:00+00:00,10538.8,10558.1,10514.3,10515.6,3233
2026-06-29 09:00:00+00:00,10516.6,10525.6,10509.6,10511.6,2323
2026-06-29 10:00:00+00:00,10511.8,10528.8,10506.3,10526.6,1967
2026-06-29 11:00:00+00:00,10525.8,10539.1,10508.1,10537.6,2335
2026-06-29 12:00:00+00:00,10537.8,10541.6,10523.1,10527.3,2076
2026-06-29 13:00:00+00:00,10527.1,10550.3,10527.1,10535.6,4140
2026-06-29 14:00:00+00:00,10535.8,10542.3,10507.1,10513.1,5069
2026-06-29 15:00:00+00:00,10512.8,10539.8,10502.6,10528.6,3957
2026-06-29 16:00:00+00:00,10528.8,10539.8,10525.8,10537.6,1328
2026-06-29 17:00:00+00:00,10537.8,10543.1,10531.1,10538.1,723
2026-06-29 18:00:00+00:00,10537.8,10546.8,10537.1,10543.1,940
2026-06-29 19:00:00+00:00,10542.8,10551.1,10534.3,10547.8,1348
2026-06-29 20:00:00+00:00,10546.6,10547.2,10540.0,10542.2,1203
2026-06-29 22:00:00+00:00,10542.7,10546.4,10540.3,10543.5,1540
2026-06-29 23:00:00+00:00,10543.4,10547.5,10540.5,10545.0,1502
2026-06-30 00:00:00+00:00,10541.1,10541.1,10520.3,10526.8,4664
2026-06-30 01:00:00+00:00,10526.9,10542.9,10523.1,10535.5,4449
2026-06-30 02:00:00+00:00,10535.6,10535.6,10523.4,10527.3,2751
2026-06-30 03:00:00+00:00,10527.4,10537.8,10526.8,10533.5,2083
2026-06-30 04:00:00+00:00,10534.3,10547.4,10533.3,10543.1,1570
2026-06-30 05:00:00+00:00,10543.5,10548.1,10536.3,10540.6,1291
2026-06-30 06:00:00+00:00,10541.3,10548.6,10528.1,10542.3,1528
2026-06-30 07:00:00+00:00,10540.8,10558.8,10523.1,10540.1,4571
2026-06-30 08:00:00+00:00,10541.3,10563.3,10537.1,10555.3,2970
2026-06-30 09:00:00+00:00,10555.8,10610.6,10554.6,10607.6,2559
2026-06-30 10:00:00+00:00,10608.3,10638.8,10605.1,10629.1,2513
2026-06-30 11:00:00+00:00,10628.3,10641.3,10624.3,10634.1,1991
2026-06-30 12:00:00+00:00,10633.6,10634.6,10586.3,10592.1,2844
2026-06-30 13:00:00+00:00,10592.6,10593.1,10557.6,10567.1,4668
2026-06-30 14:00:00+00:00,10566.6,10571.3,10526.3,10527.6,4973
2026-06-30 15:00:00+00:00,10527.3,10555.8,10519.8,10523.1,5069
2026-06-30 16:00:00+00:00,10522.6,10531.8,10519.6,10521.8,1302
2026-06-30 17:00:00+00:00,10521.6,10533.3,10517.8,10532.8,760
2026-06-30 18:00:00+00:00,10532.3,10545.6,10530.8,10544.6,643
2026-06-30 19:00:00+00:00,10544.3,10547.6,10529.8,10543.5,1738
2026-06-30 20:00:00+00:00,10542.3,10547.7,10533.4,10536.7,1228
2026-06-30 22:00:00+00:00,10540.1,10545.2,10536.7,10538.2,1101
2026-06-30 23:00:00+00:00,10538.3,10541.8,10536.7,10539.9,1396
2026-07-01 00:00:00+00:00,10527.7,10534.7,10524.3,10528.3,3124
2026-07-01 01:00:00+00:00,10528.9,10531.5,10494.7,10495.6,3493
2026-07-01 02:00:00+00:00,10495.4,10505.1,10478.0,10498.2,3082
2026-07-01 03:00:00+00:00,10498.6,10506.9,10496.8,10503.6,2284
2026-07-01 04:00:00+00:00,10503.1,10512.1,10499.0,10507.0,2310
2026-07-01 05:00:00+00:00,10507.0,10512.8,10501.1,10512.3,1540
2026-07-01 06:00:00+00:00,10513.0,10521.1,10501.1,10512.6,1770
2026-07-01 07:00:00+00:00,10513.1,10531.3,10463.1,10529.1,5859
2026-07-01 08:00:00+00:00,10528.3,10529.6,10502.1,10511.1,3095
2026-07-01 09:00:00+00:00,10511.6,10513.6,10487.3,10493.1,2378
2026-07-01 10:00:00+00:00,10492.8,10495.6,10470.3,10476.1,2595
2026-07-01 11:00:00+00:00,10475.6,10487.6,10455.1,10457.3,2463
2026-07-01 12:00:00+00:00,10457.1,10472.8,10446.8,10463.1,3599
2026-07-01 13:00:00+00:00,10462.6,10493.8,10453.1,10479.1,6805
2026-07-01 14:00:00+00:00,10479.3,10484.6,10458.6,10464.8,5712
2026-07-01 15:00:00+00:00,10465.1,10523.1,10465.1,10517.6,4964
2026-07-01 16:00:00+00:00,10517.8,10522.8,10499.6,10500.6,1825
2026-07-01 17:00:00+00:00,10500.8,10507.8,10495.3,10504.3,1502
2026-07-01 18:00:00+00:00,10503.8,10508.8,10494.1,10496.8,1379
2026-07-01 19:00:00+00:00,10497.1,10502.3,10488.1,10494.8,1999
2026-07-01 20:00:00+00:00,10493.6,10493.8,10477.8,10484.9,1691
2026-07-01 22:00:00+00:00,10489.4,10496.7,10487.7,10495.7,1413
2026-07-01 23:00:00+00:00,10495.8,10496.0,10485.0,10490.6,1959
2026-07-02 00:00:00+00:00,10482.5,10499.5,10470.8,10496.4,6270
2026-07-02 01:00:00+00:00,10496.2,10519.0,10494.9,10512.5,4786
2026-07-02 02:00:00+00:00,10512.7,10515.0,10504.0,10506.0,3198
2026-07-02 03:00:00+00:00,10506.3,10517.8,10503.0,10516.6,3358
2026-07-02 04:00:00+00:00,10516.9,10517.8,10491.0,10497.3,4229
2026-07-02 05:00:00+00:00,10497.1,10505.1,10483.8,10489.3,2474
2026-07-02 06:00:00+00:00,10490.5,10494.0,10462.6,10464.8,2087
2026-07-02 07:00:00+00:00,10464.3,10526.8,10455.6,10521.6,5731
2026-07-02 08:00:00+00:00,10522.1,10554.6,10521.8,10545.1,3811
2026-07-02 09:00:00+00:00,10545.8,10551.8,10538.8,10550.1,2566
2026-07-02 10:00:00+00:00,10550.3,10553.1,10536.1,10550.3,1979
2026-07-02 11:00:00+00:00,10550.1,10554.3,10538.8,10551.6,1904
2026-07-02 12:00:00+00:00,10551.3,10598.1,10549.6,10583.1,4970
2026-07-02 13:00:00+00:00,10583.3,10683.6,10580.6,10671.8,7095
2026-07-02 14:00:00+00:00,10671.6,10708.1,10654.1,10708.1,7388
2026-07-02 15:00:00+00:00,10708.3,10717.8,10666.3,10670.3,8003
2026-07-02 16:00:00+00:00,10670.6,10686.1,10662.6,10669.1,3701
2026-07-02 17:00:00+00:00,10668.8,10671.3,10643.6,10645.1,3243
2026-07-02 18:00:00+00:00,10644.6,10667.1,10641.6,10665.3,2382
2026-07-02 19:00:00+00:00,10665.8,10698.6,10649.8,10696.8,2876
2026-07-02 20:00:00+00:00,10695.5,10695.5,10687.0,10692.5,1526
2026-07-02 22:00:00+00:00,10695.5,10704.5,10693.3,10703.5,1108
2026-07-02 23:00:00+00:00,10703.3,10705.7,10697.6,10703.6,2419
2026-07-03 00:00:00+00:00,10708.2,10708.2,10680.8,10686.2,6244
2026-07-03 01:00:00+00:00,10686.9,10722.3,10686.6,10717.5,5033
2026-07-03 02:00:00+00:00,10717.6,10721.4,10709.8,10715.0,2342
2026-07-03 03:00:00+00:00,10714.9,10727.5,10713.5,10721.6,2225
2026-07-03 04:00:00+00:00,10721.4,10724.5,10713.5,10713.6,1466
2026-07-03 05:00:00+00:00,10713.5,10715.1,10697.3,10706.8,1374
2026-07-03 06:00:00+00:00,10708.1,10722.1,10705.8,10719.1,1555
2026-07-03 07:00:00+00:00,10718.6,10721.8,10681.6,10682.1,4309
2026-07-03 08:00:00+00:00,10682.3,10682.3,10634.8,10638.8,2763
2026-07-03 09:00:00+00:00,10639.1,10641.1,10620.1,10639.6,2706
2026-07-03 10:00:00+00:00,10640.3,10649.8,10633.1,10637.3,1781
2026-07-03 11:00:00+00:00,10637.6,10647.6,10619.8,10647.1,1460
2026-07-03 12:00:00+00:00,10647.6,10661.1,10647.6,10660.3,1475
2026-07-03 13:00:00+00:00,10660.6,10684.1,10658.6,10683.8,1879
2026-07-03 14:00:00+00:00,10683.3,10698.8,10673.1,10693.8,1724
2026-07-03 15:00:00+00:00,10694.1,10701.1,10682.6,10688.8,1942
2026-07-03 16:00:00+00:00,10689.1,10693.8,10681.3,10681.6,700
2026-07-03 17:00:00+00:00,10681.3,10681.3,10674.8,10676.3,485
2026-07-03 18:00:00+00:00,10675.6,10676.6,10669.3,10670.1,194
2026-07-03 19:00:00+00:00,10669.8,10672.1,10652.8,10654.0,794
2026-07-05 22:00:00+00:00,10666.5,10679.4,10664.0,10674.2,2052
2026-07-05 23:00:00+00:00,10674.3,10680.4,10659.4,10676.1,2116
2026-07-06 00:00:00+00:00,10677.8,10687.1,10664.4,10684.8,4523
2026-07-06 01:00:00+00:00,10685.1,10695.0,10676.8,10687.6,4512
2026-07-06 02:00:00+00:00,10688.2,10690.5,10678.8,10683.3,3948
2026-07-06 03:00:00+00:00,10683.0,10684.4,10670.4,10676.1,3207
2026-07-06 04:00:00+00:00,10676.6,10682.4,10674.2,10682.3,2304
2026-07-06 05:00:00+00:00,10682.6,10689.1,10677.6,10679.0,1532
2026-07-06 06:00:00+00:00,10680.3,10699.6,10673.6,10697.1,1398
2026-07-06 07:00:00+00:00,10697.3,10747.1,10689.1,10745.1,4256
2026-07-06 08:00:00+00:00,10745.3,10752.1,10716.1,10716.6,2127
2026-07-06 09:00:00+00:00,10716.1,10716.6,10684.1,10684.6,2185
2026-07-06 10:00:00+00:00,10684.8,10687.3,10670.3,10670.6,1676
2026-07-06 11:00:00+00:00,10671.1,10673.3,10648.8,10651.8,1576
2026-07-06 12:00:00+00:00,10652.1,10673.1,10650.8,10671.6,1950
2026-07-06 13:00:00+00:00,10671.1,10677.3,10642.8,10650.0,4261
2026-07-06 14:00:00+00:00,10649.8,10654.3,10633.3,10653.8,3920
2026-07-06 15:00:00+00:00,10654.1,10669.6,10645.8,10651.8,3349
2026-07-06 16:00:00+00:00,10651.6,10667.3,10646.8,10666.6,1017
2026-07-06 17:00:00+00:00,10666.8,10681.6,10666.1,10673.1,1048
2026-07-06 18:00:00+00:00,10673.6,10678.6,10670.6,10676.6,731
2026-07-06 19:00:00+00:00,10676.8,10688.6,10670.1,10688.3,1282
2026-07-06 20:00:00+00:00,10687.6,10691.9,10685.3,10690.7,806
2026-07-06 22:00:00+00:00,10692.4,10694.6,10686.8,10688.0,1134
2026-07-06 23:00:00+00:00,10687.7,10691.7,10678.4,10679.1,1673
2026-07-07 00:00:00+00:00,10677.5,10686.5,10670.3,10674.3,4186
2026-07-07 01:00:00+00:00,10674.6,10697.9,10670.9,10690.0,3855
2026-07-07 02:00:00+00:00,10690.2,10693.9,10674.5,10676.0,2935
2026-07-07 03:00:00+00:00,10676.1,10681.8,10669.2,10675.3,2958
2026-07-07 04:00:00+00:00,10675.4,10678.5,10667.1,10668.8,2597
2026-07-07 05:00:00+00:00,10668.6,10686.1,10654.8,10683.1,2367
2026-07-07 06:00:00+00:00,10682.8,10686.3,10664.3,10682.1,1576
2026-07-07 07:00:00+00:00,10681.8,10716.3,10663.1,10714.6,5732
2026-07-07 08:00:00+00:00,10714.3,10740.6,10711.8,10713.8,3214
2026-07-07 09:00:00+00:00,10713.6,10723.6,10709.8,10712.1,2412
2026-07-07 10:00:00+00:00,10712.3,10718.1,10683.6,10686.1,2369
2026-07-07 11:00:00+00:00,10686.6,10710.8,10685.1,10709.3,2504
2026-07-07 12:00:00+00:00,10709.8,10751.1,10707.6,10729.6,3036
2026-07-07 13:00:00+00:00,10730.1,10763.6,10721.8,10729.3,5719
2026-07-07 14:00:00+00:00,10729.6,10730.6,10698.6,10711.1,6301
2026-07-07 15:00:00+00:00,10711.3,10711.8,10672.6,10677.6,4678
2026-07-07 16:00:00+00:00,10677.8,10684.8,10671.6,10675.6,1883
2026-07-07 17:00:00+00:00,10675.1,10682.1,10671.1,10675.6,1358
2026-07-07 18:00:00+00:00,10676.1,10687.3,10672.8,10680.6,1945
2026-07-07 19:00:00+00:00,10680.8,10685.1,10664.6,10676.6,3386
2026-07-07 20:00:00+00:00,10674.8,10676.0,10671.0,10673.3,919
2026-07-07 22:00:00+00:00,10666.6,10670.5,10664.9,10669.1,1456
2026-07-07 23:00:00+00:00,10668.9,10674.8,10659.8,10660.2,2322
2026-07-08 00:00:00+00:00,10662.1,10671.0,10637.9,10669.8,6916
2026-07-08 01:00:00+00:00,10670.0,10691.1,10668.0,10688.7,6129
2026-07-08 02:00:00+00:00,10689.1,10689.9,10668.3,10674.3,4761
2026-07-08 03:00:00+00:00,10674.6,10693.0,10674.6,10689.3,3106
2026-07-08 04:00:00+00:00,10689.4,10694.4,10682.3,10690.5,3623
2026-07-08 05:00:00+00:00,10690.3,10696.1,10679.3,10685.3,3047
2026-07-08 06:00:00+00:00,10686.6,10687.6,10647.3,10657.1,2606
2026-07-08 07:00:00+00:00,10654.5,10659.6,10588.8,10596.1,9452
2026-07-08 08:00:00+00:00,10596.3,10598.3,10507.3,10511.1,12811
2026-07-08 09:00:00+00:00,10511.3,10525.3,10493.1,10498.1,8502
2026-07-08 10:00:00+00:00,10498.6,10531.8,10490.1,10527.1,6273
2026-07-08 11:00:00+00:00,10526.1,10570.3,10517.8,10548.8,5629
2026-07-08 12:00:00+00:00,10549.1,10591.6,10540.8,10577.6,6213
2026-07-08 13:00:00+00:00,10577.3,10588.8,10546.6,10561.6,7472
2026-07-08 14:00:00+00:00,10561.3,10574.8,10510.6,10512.6,7531
2026-07-08 15:00:00+00:00,10513.1,10514.6,10477.1,10487.8,7500
2026-07-08 16:00:00+00:00,10488.1,10516.1,10482.1,10514.8,4816
2026-07-08 17:00:00+00:00,10515.1,10515.3,10487.3,10490.6,2698
2026-07-08 18:00:00+00:00,10490.1,10508.1,10486.6,10503.1,2589
2026-07-08 19:00:00+00:00,10503.3,10520.8,10499.6,10512.5,2780
2026-07-08 20:00:00+00:00,10512.9,10513.3,10493.3,10502.0,1894
2026-07-08 22:00:00+00:00,10506.4,10507.7,10501.7,10503.9,1619
2026-07-08 23:00:00+00:00,10503.8,10513.0,10501.4,10512.5,2275
2026-07-09 00:00:00+00:00,10518.7,10519.6,10498.7,10511.6,4161
2026-07-09 01:00:00+00:00,10511.7,10529.2,10505.3,10523.8,4549
2026-07-09 02:00:00+00:00,10524.0,10538.7,10509.1,10509.9,3956
2026-07-09 03:00:00+00:00,10510.1,10523.5,10506.7,10521.3,3694
2026-07-09 04:00:00+00:00,10521.2,10529.6,10518.5,10527.1,2382
2026-07-09 05:00:00+00:00,10526.6,10539.8,10513.6,10539.8,2681
2026-07-09 06:00:00+00:00,10541.1,10541.1,10466.1,10466.1,1987
2026-07-09 07:00:00+00:00,10466.8,10490.3,10441.8,10450.3,8142
2026-07-09 08:00:00+00:00,10450.6,10459.3,10441.8,10450.3,4593
2026-07-09 09:00:00+00:00,10450.1,10457.6,10407.1,10430.1,3703
2026-07-09 10:00:00+00:00,10429.8,10441.3,10412.1,10421.3,3331
2026-07-09 11:00:00+00:00,10421.6,10448.1,10416.1,10438.1,3494
2026-07-09 12:00:00+00:00,10438.3,10453.8,10430.1,10439.6,3295
2026-07-09 13:00:00+00:00,10439.8,10465.8,10439.8,10465.6,4942
2026-07-09 14:00:00+00:00,10465.8,10491.8,10454.6,10489.1,4799
2026-07-09 15:00:00+00:00,10488.8,10495.6,10473.1,10477.3,3729
2026-07-09 16:00:00+00:00,10476.8,10494.6,10476.8,10488.1,1165
2026-07-09 17:00:00+00:00,10487.6,10501.8,10487.1,10497.3,1005
2026-07-09 18:00:00+00:00,10496.8,10499.1,10477.3,10482.1,895
2026-07-09 19:00:00+00:00,10481.8,10486.1,10474.6,10482.1,1333
2026-07-09 20:00:00+00:00,10479.1,10482.2,10475.2,10476.4,658
2026-07-09 22:00:00+00:00,10478.1,10479.3,10474.4,10477.3,1043
2026-07-09 23:00:00+00:00,10477.4,10482.0,10475.4,10479.7,1266
2026-07-10 00:00:00+00:00,10481.9,10486.4,10463.6,10471.5,3516
2026-07-10 01:00:00+00:00,10471.7,10492.1,10465.9,10488.1,3385
2026-07-10 02:00:00+00:00,10488.3,10495.0,10486.0,10493.1,2969
2026-07-10 03:00:00+00:00,10493.3,10499.8,10489.1,10493.8,1879
2026-07-10 04:00:00+00:00,10493.4,10493.4,10486.1,10488.4,1702
2026-07-10 05:00:00+00:00,10488.6,10492.1,10485.1,10488.8,1316
2026-07-10 06:00:00+00:00,10490.3,10524.1,10490.3,10515.6,1845
2026-07-10 07:00:00+00:00,10516.1,10520.1,10481.1,10493.6,5586
2026-07-10 08:00:00+00:00,10493.3,10516.6,10477.1,10484.8,3659
2026-07-10 09:00:00+00:00,10485.1,10501.3,10481.6,10496.6,2653
2026-07-10 10:00:00+00:00,10496.8,10504.6,10485.8,10490.1,2187
2026-07-10 11:00:00+00:00,10489.1,10501.1,10482.3,10488.3,2198
2026-07-10 12:00:00+00:00,10488.6,10517.1,10481.6,10509.3,3532
2026-07-10 13:00:00+00:00,10509.8,10521.1,10497.3,10515.8,4438
2026-07-10 14:00:00+00:00,10515.6,10530.3,10476.5,10511.1,6048
2026-07-10 15:00:00+00:00,10510.6,10533.8,10498.8,10533.3,4044
2026-07-10 16:00:00+00:00,10533.8,10543.6,10528.1,10543.6,1387
2026-07-10 17:00:00+00:00,10543.8,10558.1,10543.3,10554.3,937
2026-07-10 18:00:00+00:00,10554.8,10562.8,10553.1,10560.1,818
2026-07-10 19:00:00+00:00,10559.8,10562.1,10543.1,10543.1,1056
2026-07-12 22:00:00+00:00,10524.3,10524.6,10514.0,10522.6,2239
2026-07-12 23:00:00+00:00,10522.5,10522.9,10515.1,10521.9,1664
2026-07-13 00:00:00+00:00,10521.2,10533.0,10507.7,10509.8,4840
2026-07-13 01:00:00+00:00,10510.2,10511.5,10492.8,10498.8,4906
2026-07-13 02:00:00+00:00,10498.9,10506.0,10491.8,10491.8,3353
2026-07-13 03:00:00+00:00,10491.9,10492.7,10480.6,10485.3,2186
2026-07-13 04:00:00+00:00,10485.4,10490.6,10476.1,10477.0,1630
2026-07-13 05:00:00+00:00,10477.1,10491.8,10463.8,10487.1,2645
2026-07-13 06:00:00+00:00,10487.8,10515.8,10480.6,10509.6,2457
2026-07-13 07:00:00+00:00,10510.1,10547.6,10491.3,10500.6,6048
2026-07-13 08:00:00+00:00,10500.8,10529.8,10488.6,10529.8,3530
2026-07-13 09:00:00+00:00,10530.1,10532.8,10503.6,10510.1,2055
2026-07-13 10:00:00+00:00,10510.3,10511.3,10482.1,10493.6,2071
2026-07-13 11:00:00+00:00,10493.8,10514.1,10486.6,10489.1,2304
2026-07-13 12:00:00+00:00,10489.3,10505.6,10476.8,10504.6,3043
2026-07-13 13:00:00+00:00,10504.8,10535.1,10488.1,10529.6,4723
2026-07-13 14:00:00+00:00,10529.8,10531.1,10481.1,10518.3,6003
2026-07-13 15:00:00+00:00,10518.6,10519.6,10498.6,10507.6,4206
2026-07-13 16:00:00+00:00,10507.3,10515.6,10483.6,10502.1,3146
2026-07-13 17:00:00+00:00,10502.6,10520.3,10502.1,10510.8,1919
2026-07-13 18:00:00+00:00,10511.1,10515.6,10501.1,10510.3,2176
2026-07-13 19:00:00+00:00,10510.8,10515.6,10502.1,10514.6,2171
2026-07-13 20:00:00+00:00,10510.6,10513.5,10502.8,10504.7,1011
2026-07-13 22:00:00+00:00,10508.9,10512.4,10501.6,10502.5,1527
2026-07-13 23:00:00+00:00,10502.4,10504.3,10492.6,10503.5,2476
2026-07-14 00:00:00+00:00,10510.3,10512.7,10439.1,10455.8,9372
2026-07-14 01:00:00+00:00,10456.3,10481.1,10442.4,10449.4,6279
2026-07-14 02:00:00+00:00,10449.6,10473.6,10448.8,10461.5,5128
2026-07-14 03:00:00+00:00,10461.8,10471.0,10446.6,10470.6,4410
2026-07-14 04:00:00+00:00,10470.8,10493.2,10463.2,10490.0,3567
2026-07-14 05:00:00+00:00,10490.2,10512.8,10488.3,10503.8,2207
2026-07-14 06:00:00+00:00,10505.1,10520.6,10477.6,10479.6,2539
2026-07-14 07:00:00+00:00,10480.6,10508.3,10434.6,10456.6,8480
2026-07-14 08:00:00+00:00,10456.8,10471.6,10433.3,10434.6,5666
2026-07-14 09:00:00+00:00,10434.8,10470.3,10431.3,10465.1,3788
2026-07-14 10:00:00+00:00,10465.3,10474.6,10458.6,10467.6,3228
2026-07-14 11:00:00+00:00,10467.8,10495.1,10457.8,10486.6,4462
2026-07-14 12:00:00+00:00,10486.8,10524.8,10461.6,10506.8,5952
2026-07-14 13:00:00+00:00,10507.1,10555.6,10499.3,10546.6,6143
2026-07-14 14:00:00+00:00,10546.3,10566.8,10524.1,10532.1,6003
2026-07-14 15:00:00+00:00,10532.3,10542.3,10510.3,10512.8,5465
2026-07-14 16:00:00+00:00,10513.1,10525.3,10505.1,10516.1,2295
2026-07-14 17:00:00+00:00,10516.6,10523.1,10504.1,10509.3,1308
2026-07-14 18:00:00+00:00,10509.6,10511.6,10500.8,10502.6,1326
2026-07-14 19:00:00+00:00,10502.3,10505.6,10491.1,10494.3,1619
2026-07-14 20:00:00+00:00,10493.8,10495.4,10488.9,10494.1,889
2026-07-14 22:00:00+00:00,10492.8,10495.4,10486.2,10492.3,1154
2026-07-14 23:00:00+00:00,10492.2,10505.8,10490.8,10504.0,1668
2026-07-15 00:00:00+00:00,10505.3,10510.3,10489.3,10499.7,3409
2026-07-15 01:00:00+00:00,10499.9,10504.5,10491.6,10503.7,3893
2026-07-15 02:00:00+00:00,10504.0,10507.6,10498.7,10502.7,1699
2026-07-15 03:00:00+00:00,10503.1,10508.1,10500.6,10505.8,1310
2026-07-15 04:00:00+00:00,10506.0,10507.2,10497.7,10500.1,977
2026-07-15 05:00:00+00:00,10501.1,10505.6,10487.3,10497.6,2757
2026-07-15 06:00:00+00:00,10499.3,10500.6,10477.3,10479.6,2164
2026-07-15 07:00:00+00:00,10477.3,10490.1,10449.3,10476.3,6818
2026-07-15 08:00:00+00:00,10476.6,10523.3,10474.6,10513.1,3748
2026-07-15 09:00:00+00:00,10512.6,10529.3,10506.8,10511.8,2673
2026-07-15 10:00:00+00:00,10511.6,10529.3,10503.3,10505.1,2794
2026-07-15 11:00:00+00:00,10506.1,10518.6,10501.1,10518.6,2563
2026-07-15 12:00:00+00:00,10518.8,10538.6,10516.3,10527.3,2931
2026-07-15 13:00:00+00:00,10528.3,10551.6,10520.8,10544.8,5314
2026-07-15 14:00:00+00:00,10545.1,10554.6,10523.6,10530.6,5323
2026-07-15 15:00:00+00:00,10530.8,10536.1,10500.1,10500.1,4578
2026-07-15 16:00:00+00:00,10500.3,10501.8,10467.6,10476.1,2881
2026-07-15 17:00:00+00:00,10476.6,10496.6,10475.1,10491.6,1364
2026-07-15 18:00:00+00:00,10492.1,10503.1,10489.6,10497.3,1045
2026-07-15 19:00:00+00:00,10497.8,10504.6,10487.8,10493.1,1772
2026-07-15 20:00:00+00:00,10491.6,10494.0,10484.1,10490.2,658
2026-07-15 22:00:00+00:00,10495.3,10496.7,10489.2,10493.1,982
2026-07-15 23:00:00+00:00,10492.9,10496.4,10490.4,10491.0,1248
2026-07-16 00:00:00+00:00,10492.2,10498.7,10476.8,10477.6,3223
2026-07-16 01:00:00+00:00,10477.4,10478.1,10465.3,10465.9,3552
2026-07-16 02:00:00+00:00,10466.3,10479.9,10460.9,10479.3,2483
2026-07-16 03:00:00+00:00,10479.5,10495.3,10478.1,10495.3,1595
2026-07-16 04:00:00+00:00,10495.1,10495.8,10477.0,10477.1,1137
2026-07-16 05:00:00+00:00,10477.3,10489.8,10471.3,10474.3,1693
2026-07-16 06:00:00+00:00,10475.8,10481.3,10443.8,10470.8,2389
2026-07-16 07:00:00+00:00,10470.6,10485.8,10446.8,10469.1,6749
2026-07-16 08:00:00+00:00,10469.6,10490.6,10454.1,10482.3,4222
2026-07-16 09:00:00+00:00,10482.6,10494.8,10472.6,10491.3,2943
2026-07-16 10:00:00+00:00,10491.6,10501.6,10482.8,10489.6,2850
2026-07-16 11:00:00+00:00,10489.8,10501.1,10459.3,10488.1,3666
2026-07-16 12:00:00+00:00,10488.3,10502.1,10459.3,10460.6,4500
2026-07-16 13:00:00+00:00,10460.8,10493.3,10452.8,10493.3,5471
2026-07-16 14:00:00+00:00,10493.6,10536.1,10493.1,10529.6,4589
2026-07-16 15:00:00+00:00,10529.1,10591.8,10528.1,10574.1,4200
2026-07-16 16:00:00+00:00,10574.3,10585.3,10558.8,10584.8,2507
2026-07-16 17:00:00+00:00,10585.3,10594.1,10578.1,10580.8,1348
2026-07-16 18:00:00+00:00,10581.1,10588.1,10568.6,10574.8,1674
2026-07-16 19:00:00+00:00,10574.6,10582.1,10559.3,10578.1,2221
2026-07-16 20:00:00+00:00,10574.9,10577.5,10567.0,10569.4,1471
2026-07-16 22:00:00+00:00,10573.8,10573.9,10564.4,10566.5,1260
2026-07-16 23:00:00+00:00,10566.7,10567.5,10558.3,10561.7,2000
2026-07-17 00:00:00+00:00,10561.2,10567.1,10543.2,10553.9,5019
2026-07-17 01:00:00+00:00,10554.1,10562.0,10534.1,10534.9,5677
2026-07-17 02:00:00+00:00,10535.0,10540.3,10522.9,10530.6,3468
2026-07-17 03:00:00+00:00,10530.8,10545.9,10521.3,10521.7,3086
2026-07-17 04:00:00+00:00,10521.8,10522.6,10502.2,10512.5,3953
2026-07-17 05:00:00+00:00,10512.7,10523.6,10506.8,10522.3,3282
2026-07-17 06:00:00+00:00,10523.6,10553.6,10522.1,10550.1,2938
2026-07-17 07:00:00+00:00,10550.6,10619.8,10545.6,10615.6,7268
2026-07-17 08:00:00+00:00,10615.8,10631.8,10564.6,10565.6,8074
2026-07-17 09:00:00+00:00,10565.3,10590.1,10549.6,10561.8,6138
2026-07-17 10:00:00+00:00,10562.3,10587.8,10559.6,10561.1,4354
2026-07-17 11:00:00+00:00,10560.3,10580.6,10547.1,10577.8,3668
2026-07-17 12:00:00+00:00,10578.1,10584.6,10560.6,10573.8,3821
2026-07-17 13:00:00+00:00,10574.1,10603.1,10530.6,10601.3,8222
2026-07-17 14:00:00+00:00,10601.1,10603.6,10567.3,10583.6,6410
2026-07-17 15:00:00+00:00,10584.1,10610.3,10568.1,10609.8,5592
2026-07-17 16:00:00+00:00,10609.3,10610.1,10561.1,10566.8,3289
2026-07-17 17:00:00+00:00,10567.1,10572.8,10552.1,10554.3,1872
2026-07-17 18:00:00+00:00,10554.1,10557.1,10545.1,10553.8,2081
2026-07-17 19:00:00+00:00,10554.1,10591.8,10537.3,10580.8,3328
2026-07-19 22:00:00+00:00,10581.2,10584.8,10576.8,10577.9,799
2026-07-19 23:00:00+00:00,10578.0,10587.1,10573.4,10585.7,3202
2026-07-20 00:00:00+00:00,10577.5,10588.4,10554.9,10569.8,4988
2026-07-20 01:00:00+00:00,10570.7,10585.3,10557.6,10564.2,6176
2026-07-20 02:00:00+00:00,10564.3,10575.3,10552.7,10568.3,4866
2026-07-20 03:00:00+00:00,10567.5,10573.7,10560.3,10567.5,3802
2026-07-20 04:00:00+00:00,10567.8,10587.5,10559.8,10580.5,3229
2026-07-20 05:00:00+00:00,10581.1,10584.3,10547.8,10551.3,2482
2026-07-20 06:00:00+00:00,10552.6,10557.5,10544.1,10551.1,2564
2026-07-20 07:00:00+00:00,10551.3,10577.6,10523.8,10568.1,7318
2026-07-20 08:00:00+00:00,10567.8,10581.1,10554.1,10572.1,4017
2026-07-20 09:00:00+00:00,10571.8,10577.6,10556.6,10563.6,2755
2026-07-20 10:00:00+00:00,10563.1,10565.1,10539.3,10553.6,2714
2026-07-20 11:00:00+00:00,10553.1,10601.1,10551.8,10587.6,4248
2026-07-20 12:00:00+00:00,10587.8,10588.6,10546.6,10553.6,4553
2026-07-20 13:00:00+00:00,10553.3,10564.3,10524.8,10530.1,5653
2026-07-20 14:00:00+00:00,10529.6,10544.8,10516.3,10532.8,5654
2026-07-20 15:00:00+00:00,10532.6,10547.6,10506.3,10526.8,5832
2026-07-20 16:00:00+00:00,10527.1,10529.3,10496.0,10500.1,2657
2026-07-20 17:00:00+00:00,10500.6,10505.3,10483.8,10488.8,1768
2026-07-20 18:00:00+00:00,10489.1,10496.3,10466.6,10470.3,2124
2026-07-20 19:00:00+00:00,10470.1,10477.6,10454.6,10465.6,3137
2026-07-20 20:00:00+00:00,10466.8,10471.5,10457.7,10461.8,985
2026-07-20 22:00:00+00:00,10456.2,10457.7,10452.3,10455.8,1243
2026-07-20 23:00:00+00:00,10456.2,10471.0,10455.2,10465.5,1961
2026-07-21 00:00:00+00:00,10470.3,10472.9,10444.2,10462.7,4449
2026-07-21 01:00:00+00:00,10462.5,10481.4,10456.8,10467.5,3690
2026-07-21 02:00:00+00:00,10467.6,10478.0,10461.7,10477.8,2548
2026-07-21 03:00:00+00:00,10478.0,10486.6,10477.5,10482.1,1267
2026-07-21 04:00:00+00:00,10482.0,10484.5,10477.0,10477.4,1222
2026-07-21 05:00:00+00:00,10477.3,10492.1,10468.1,10480.0,1310
2026-07-21 06:00:00+00:00,10481.3,10491.6,10474.8,10489.8,1958
2026-07-21 07:00:00+00:00,10490.3,10530.8,10480.3,10509.1,6869
2026-07-21 08:00:00+00:00,10509.6,10538.1,10507.8,10533.3,3457
2026-07-21 09:00:00+00:00,10532.5,10559.6,10531.3,10545.8,2685
2026-07-21 10:00:00+00:00,10546.1,10567.1,10545.5,10548.1,2591
2026-07-21 11:00:00+00:00,10546.6,10548.6,10528.6,10542.6,2211
2026-07-21 12:00:00+00:00,10542.8,10548.6,10526.8,10545.6,3363
2026-07-21 13:00:00+00:00,10546.3,10556.6,10508.3,10528.3,5103
2026-07-21 14:00:00+00:00,10527.6,10574.8,10526.1,10565.6,4477
2026-07-21 15:00:00+00:00,10565.8,10603.1,10556.8,10599.8,3679
2026-07-21 16:00:00+00:00,10599.3,10610.3,10595.3,10606.3,1230
2026-07-21 17:00:00+00:00,10606.8,10607.1,10596.1,10602.8,752
2026-07-21 18:00:00+00:00,10602.6,10613.6,10598.3,10611.3,1000
2026-07-21 19:00:00+00:00,10611.8,10611.8,10596.1,10606.1,1284
2026-07-21 20:00:00+00:00,10604.8,10606.0,10599.6,10601.6,582
2026-07-21 22:00:00+00:00,10602.3,10604.3,10597.4,10599.6,945
2026-07-21 23:00:00+00:00,10599.3,10602.5,10598.1,10602.0,1280
2026-07-22 00:00:00+00:00,10598.6,10614.7,10594.0,10614.3,3233
2026-07-22 01:00:00+00:00,10614.4,10621.8,10608.9,10619.0,2762
2026-07-22 02:00:00+00:00,10618.8,10619.3,10609.5,10613.3,2432
2026-07-22 03:00:00+00:00,10613.1,10615.8,10600.8,10606.3,2294
2026-07-22 04:00:00+00:00,10606.1,10608.6,10598.0,10600.4,1869
2026-07-22 05:00:00+00:00,10600.3,10608.6,10595.6,10605.5,1884
2026-07-22 06:00:00+00:00,10606.8,10617.1,10587.3,10596.6,2379
2026-07-22 07:00:00+00:00,10597.1,10609.1,10566.1,10606.6,7228
2026-07-22 08:00:00+00:00,10606.1,10706.8,10604.6,10704.1,6329
2026-07-22 09:00:00+00:00,10704.6,10737.8,10675.8,10684.8,5359
2026-07-22 10:00:00+00:00,10684.6,10722.6,10677.6,10715.6,4707
2026-07-22 11:00:00+00:00,10716.1,10732.6,10693.1,10724.6,4987
2026-07-22 12:00:00+00:00,10724.8,10750.3,10723.3,10740.1,4582
2026-07-22 13:00:00+00:00,10740.3,10768.1,10725.6,10750.1,6166
2026-07-22 14:00:00+00:00,10751.1,10763.3,10733.8,10746.1,5732
2026-07-22 15:00:00+00:00,10746.3,10747.6,10715.8,10732.6,4799
2026-07-22 16:00:00+00:00,10732.3,10742.1,10725.6,10741.1,1507
2026-07-22 17:00:00+00:00,10741.3,10749.6,10736.1,10745.3,1227
2026-07-22 18:00:00+00:00,10745.6,10746.1,10728.3,10733.6,1247
2026-07-22 19:00:00+00:00,10734.1,10734.6,10705.8,10715.6,1737
2026-07-22 20:00:00+00:00,10716.7,10727.1,10705.9,10714.7,3513
2026-07-22 22:00:00+00:00,10704.8,10707.7,10697.0,10703.4,1691
2026-07-22 23:00:00+00:00,10703.6,10712.9,10698.2,10712.9,1539
2026-07-23 00:00:00+00:00,10702.9,10732.3,10702.8,10728.2,3351
2026-07-23 01:00:00+00:00,10728.0,10731.1,10711.7,10722.2,3506
2026-07-23 02:00:00+00:00,10722.0,10725.5,10712.6,10718.2,2848
2026-07-23 03:00:00+00:00,10718.0,10718.5,10703.7,10714.4,2912
2026-07-23 04:00:00+00:00,10714.5,10719.5,10708.2,10711.6,2607
2026-07-23 05:00:00+00:00,10711.4,10724.8,10704.6,10704.8,2046
2026-07-23 06:00:00+00:00,10705.6,10714.1,10694.8,10714.1,1941
2026-07-23 07:00:00+00:00,10715.1,10718.1,10652.3,10710.6,10230
2026-07-23 08:00:00+00:00,10711.1,10719.8,10680.1,10698.3,4727
2026-07-23 09:00:00+00:00,10698.6,10719.3,10685.1,10693.1,4075
2026-07-23 10:00:00+00:00,10693.3,10717.1,10685.3,10707.1,3126
2026-07-23 11:00:00+00:00,10706.8,10710.8,10669.3,10700.1,3577
2026-07-23 12:00:00+00:00,10700.6,10701.1,10632.3,10637.1,5731
2026-07-23 13:00:00+00:00,10636.8,10652.1,10607.3,10639.3,8631
2026-07-23 14:00:00+00:00,10639.6,10660.1,10623.8,10647.8,7406
2026-07-23 15:00:00+00:00,10647.6,10653.6,10618.3,10633.1,6244
2026-07-23 16:00:00+00:00,10633.8,10644.3,10618.3,10624.6,2218
2026-07-23 17:00:00+00:00,10625.1,10625.1,10600.6,10604.8,2654
2026-07-23 18:00:00+00:00,10604.3,10608.1,10595.1,10597.1,1677
2026-07-23 19:00:00+00:00,10597.3,10609.1,10591.1,10608.6,2182
2026-07-23 20:00:00+00:00,10607.0,10623.1,10607.0,10620.6,2357
2026-07-23 22:00:00+00:00,10611.2,10618.9,10608.2,10618.4,1686
2026-07-23 23:00:00+00:00,10618.5,10618.9,10609.7,10615.0,2152
2026-07-24 00:00:00+00:00,10617.1,10622.0,10598.9,10613.4,5306
2026-07-24 01:00:00+00:00,10613.6,10617.3,10604.4,10607.2,4456
2026-07-24 02:00:00+00:00,10606.6,10610.5,10588.5,10588.7,3344
2026-07-24 03:00:00+00:00,10588.8,10601.7,10588.1,10593.1,3209
2026-07-24 04:00:00+00:00,10593.2,10605.0,10590.6,10604.6,2616
2026-07-24 05:00:00+00:00,10605.2,10616.3,10601.3,10605.5,2171
2026-07-24 06:00:00+00:00,10606.3,10608.1,10575.1,10591.1,2717
2026-07-24 07:00:00+00:00,10590.3,10673.1,10589.3,10663.6,6958
2026-07-24 08:00:00+00:00,10660.1,10697.1,10657.3,10678.6,4422
2026-07-24 09:00:00+00:00,10678.8,10688.6,10670.8,10675.8,3161
2026-07-24 10:00:00+00:00,10676.3,10683.6,10663.8,10667.1,2428
2026-07-24 11:00:00+00:00,10666.8,10671.8,10639.6,10666.1,3210
2026-07-24 12:00:00+00:00,10667.1,10680.1,10659.1,10662.6,2985
2026-07-24 13:00:00+00:00,10662.1,10712.6,10661.6,10700.1,4870
2026-07-24 14:00:00+00:00,10699.8,10717.3,10694.3,10708.6,5371
2026-07-24 15:00:00+00:00,10709.1,10746.3,10705.1,10726.6,5699
2026-07-24 16:00:00+00:00,10726.8,10737.1,10716.6,10732.6,1780
2026-07-24 17:00:00+00:00,10733.1,10743.1,10720.6,10734.6,2218
2026-07-24 18:00:00+00:00,10734.3,10739.3,10714.3,10722.6,2226
2026-07-24 19:00:00+00:00,10723.1,10725.8,10711.1,10721.8,2582
2026-07-26 22:00:00+00:00,10770.8,10778.8,10770.1,10772.7,1972
2026-07-26 23:00:00+00:00,10773.0,10791.5,10772.2,10790.5,1820
2026-07-27 00:00:00+00:00,10768.3,10771.0,10731.9,10733.8,5634
2026-07-27 01:00:00+00:00,10734.9,10747.1,10727.2,10746.4,5912
2026-07-27 02:00:00+00:00,10747.3,10752.0,10742.4,10750.5,3640
2026-07-27 03:00:00+00:00,10750.7,10759.5,10745.9,10749.2,2790
2026-07-27 04:00:00+00:00,10749.6,10762.9,10747.8,10761.6,2637
2026-07-27 05:00:00+00:00,10762.4,10767.8,10750.8,10763.6,1342
2026-07-27 06:00:00+00:00,10764.8,10831.1,10764.8,10808.0,2470
2026-07-27 07:00:00+00:00,10807.6,10819.1,10767.6,10771.3,7526
2026-07-27 08:00:00+00:00,10771.1,10785.6,10751.3,10784.6,4879
2026-07-27 09:00:00+00:00,10783.6,10790.3,10769.8,10774.3,3183
2026-07-27 10:00:00+00:00,10773.8,10801.6,10771.1,10800.1,2617
2026-07-27 11:00:00+00:00,10800.3,10811.8,10794.1,10797.1,2806
2026-07-27 12:00:00+00:00,10797.3,10805.6,10769.8,10777.6,3102
2026-07-27 13:00:00+00:00,10777.8,10817.1,10769.6,10796.6,6178
2026-07-27 14:00:00+00:00,10797.1,10820.6,10793.6,10819.1,7309
2026-07-27 15:00:00+00:00,10819.3,10819.3,10772.6,10778.6,5670
2026-07-27 16:00:00+00:00,10778.8,10791.6,10765.6,10766.6,3798
2026-07-27 17:00:00+00:00,10766.8,10774.1,10757.6,10769.6,2221
2026-07-27 18:00:00+00:00,10769.8,10786.3,10758.6,10784.6,1982
2026-07-27 19:00:00+00:00,10784.3,10795.6,10779.6,10791.8,1848
2026-07-27 20:00:00+00:00,10791.0,10798.1,10786.7,10794.6,867
2026-07-27 22:00:00+00:00,10792.4,10793.7,10785.7,10786.1,1172
2026-07-27 23:00:00+00:00,10786.2,10792.2,10781.6,10790.2,2112
2026-07-28 00:00:00+00:00,10788.2,10790.5,10763.3,10767.9,4209
2026-07-28 01:00:00+00:00,10768.1,10774.7,10757.1,10760.5,3625
2026-07-28 02:00:00+00:00,10760.7,10770.9,10758.2,10762.8,3057
2026-07-28 03:00:00+00:00,10763.0,10787.8,10758.1,10787.0,3363
2026-07-28 04:00:00+00:00,10786.9,10786.9,10768.0,10770.2,2683
2026-07-28 05:00:00+00:00,10773.0,10778.3,10756.0,10767.8,1297
2026-07-28 06:00:00+00:00,10769.8,10829.1,10769.8,10798.8,1991
2026-07-28 07:00:00+00:00,10798.3,10817.6,10765.8,10792.3,7024
2026-07-28 08:00:00+00:00,10791.8,10836.1,10778.6,10826.1,4780
2026-07-28 09:00:00+00:00,10826.6,10848.3,10824.6,10845.1,2766
2026-07-28 10:00:00+00:00,10845.6,10854.6,10825.1,10834.6,3280
2026-07-28 11:00:00+00:00,10834.8,10848.3,10820.1,10825.8,4262
2026-07-28 12:00:00+00:00,10826.1,10840.8,10805.6,10807.1,3176
2026-07-28 13:00:00+00:00,10806.8,10857.8,10796.8,10855.1,5634
2026-07-28 14:00:00+00:00,10854.8,10881.8,10846.6,10859.8,5674
2026-07-28 15:00:00+00:00,10860.1,10902.3,10851.6,10900.1,5234
2026-07-28 16:00:00+00:00,10900.3,10911.6,10890.3,10909.8,1436
2026-07-28 17:00:00+00:00,10910.1,10914.6,10885.3,10890.1,1386
2026-07-28 18:00:00+00:00,10890.6,10901.3,10888.1,10897.8,1198
2026-07-28 19:00:00+00:00,10897.6,10909.1,10893.8,10894.8,1419
2026-07-28 20:00:00+00:00,10893.8,10900.6,10885.4,10895.3,1673
2026-07-28 22:00:00+00:00,10898.0,10900.6,10877.4,10879.7,3026
2026-07-28 23:00:00+00:00,10879.9,10925.4,10877.1,10918.6,4190
2026-07-29 00:00:00+00:00,10909.7,10913.3,10891.0,10891.8,4906
2026-07-29 01:00:00+00:00,10892.1,10894.3,10858.6,10858.6,7130
2026-07-29 02:00:00+00:00,10858.7,10875.1,10855.7,10867.4,6295
2026-07-29 03:00:00+00:00,10867.1,10868.6,10840.6,10844.9,4015
2026-07-29 04:00:00+00:00,10845.3,10850.5,10828.4,10849.9,5052
2026-07-29 05:00:00+00:00,10850.3,10870.1,10839.5,10870.1,2685
2026-07-29 06:00:00+00:00,10870.8,10908.6,10862.3,10897.8,2693
2026-07-29 07:00:00+00:00,10897.6,10947.3,10897.3,10916.6,8313
2026-07-29 08:00:00+00:00,10916.3,10920.1,10870.1,10876.1,6045
2026-07-29 09:00:00+00:00,10876.6,10881.8,10856.8,10870.3,3995
2026-07-29 10:00:00+00:00,10870.1,10897.6,10865.1,10884.6,3777
2026-07-29 11:00:00+00:00,10884.8,10902.1,10880.8,10895.6,3183
2026-07-29 12:00:00+00:00,10896.1,10903.1,10866.1,10898.6,5747
2026-07-29 13:00:00+00:00,10898.8,10906.6,10882.6,10893.1,6834
2026-07-29 14:00:00+00:00,10893.3,10902.8,10865.8,10871.8,6978
2026-07-29 15:00:00+00:00,10872.1,10907.1,10868.1,10890.1,5558
2026-07-29 16:00:00+00:00,10890.8,10895.6,10865.1,10874.8,2803
2026-07-29 17:00:00+00:00,10875.1,10887.8,10868.6,10874.3,2277
2026-07-29 18:00:00+00:00,10881.0,10918.8,10870.1,10911.1,8071
2026-07-29 19:00:00+00:00,10910.8,10914.3,10815.0,10825.5,9058
2026-07-29 20:00:00+00:00,10824.5,10831.2,10801.0,10817.4,5442
2026-07-29 22:00:00+00:00,10827.2,10851.1,10827.2,10841.9,3515
2026-07-29 23:00:00+00:00,10842.1,10852.9,10841.9,10845.5,3619
2026-07-30 00:00:00+00:00,10843.2,10857.4,10823.0,10830.3,6337
2026-07-30 01:00:00+00:00,10830.5,10856.9,10830.4,10847.5,5200
2026-07-30 02:00:00+00:00,10847.6,10853.3,10825.6,10825.8,3792
2026-07-30 03:00:00+00:00,10826.3,10830.7,10807.5,10816.0,4890
2026-07-30 04:00:00+00:00,10816.3,10817.1,10800.8,10801.9,4682
2026-07-30 05:00:00+00:00,10789.8,10814.0,10782.1,10805.5,3002
2026-07-30 06:00:00+00:00,10805.8,10874.8,10799.5,10868.3,3286
2026-07-30 07:00:00+00:00,10868.5,10944.6,10837.0,10931.8,10108
2026-07-30 08:00:00+00:00,10933.0,10968.8,10921.6,10935.8,6603
2026-07-30 09:00:00+00:00,10936.5,10969.6,10920.1,10920.6,5361
2026-07-30 10:00:00+00:00,10920.8,10928.6,10895.3,10902.8,5933
2026-07-30 11:00:00+00:00,10903.3,10950.6,10890.6,10935.1,4432
2026-07-30 12:00:00+00:00,10935.6,10951.6,10923.8,10943.1,4832
2026-07-30 13:00:00+00:00,10943.6,10967.1,10916.1,10936.6,8296
2026-07-30 14:00:00+00:00,10936.8,10937.6,10906.3,10917.6,6835
2026-07-30 15:00:00+00:00,10918.1,10919.1,10873.3,10908.6,6119
2026-07-30 16:00:00+00:00,10908.8,10918.8,10901.6,10912.3,1900
2026-07-30 17:00:00+00:00,10913.6,10926.1,10903.6,10903.6,1715
2026-07-30 18:00:00+00:00,10903.8,10914.1,10900.6,10913.6,1265
2026-07-30 19:00:00+00:00,10913.8,10937.3,10913.8,10928.5,1489
2026-07-30 20:00:00+00:00,10927.5,10948.0,10924.3,10928.9,4019
2026-07-30 22:00:00+00:00,10933.5,10939.4,10927.3,10938.6,2032
2026-07-30 23:00:00+00:00,10938.7,10945.8,10934.3,10937.2,2091
2026-07-31 00:00:00+00:00,10936.5,10937.3,10913.4,10919.2,2732
2026-07-31 01:00:00+00:00,10919.4,10924.9,10909.4,10916.0,2266
2026-07-31 02:00:00+00:00,10915.9,10928.8,10909.6,10928.6,1981
2026-07-31 03:00:00+00:00,10928.5,10934.8,10918.7,10928.7,2355
2026-07-31 04:00:00+00:00,10928.9,10944.5,10924.0,10943.8,1368
2026-07-31 05:00:00+00:00,10934.2,10935.8,10923.8,10934.3,946
2026-07-31 06:00:00+00:00,10935.6,10936.1,10882.8,10882.8,1737
2026-07-31 07:00:00+00:00,10883.3,10976.8,10866.8,10972.1,7366
2026-07-31 08:00:00+00:00,10971.6,10979.6,10949.6,10974.3,4751
2026-07-31 09:00:00+00:00,10974.5,10976.6,10936.1,10937.1,3638
2026-07-31 10:00:00+00:00,10936.6,10948.6,10919.1,10919.6,3083
2026-07-31 11:00:00+00:00,10919.8,10925.8,10899.3,10904.8,3684
2026-07-31 12:00:00+00:00,10905.1,10911.8,10890.6,10893.3,3489
2026-07-31 13:00:00+00:00,10893.6,10903.1,10848.6,10849.1,5860
2026-07-31 14:00:00+00:00,10849.3,10875.1,10816.1,10874.8,7218
2026-07-31 15:00:00+00:00,10875.1,10878.8,10843.6,10869.1,6402
2026-07-31 16:00:00+00:00,10869.3,10872.6,10853.6,10864.6,2110
2026-07-31 17:00:00+00:00,10865.1,10876.1,10860.1,10861.8,1539
2026-07-31 18:00:00+00:00,10862.1,10873.1,10856.6,10858.1,1130
2026-07-31 19:00:00+00:00,10858.3,10877.8,10852.6,10859.3,2167
2026-08-02 22:00:00+00:00,10892.1,10900.2,10884.5,10885.8,2339
2026-08-02 23:00:00+00:00,10885.6,10895.6,10883.6,10891.8,2274
2026-08-03 00:00:00+00:00,10878.3,10901.3,10866.5,10899.1,3251
2026-08-03 01:00:00+00:00,10899.6,10903.2,10886.1,10902.6,2168
2026-08-03 02:00:00+00:00,10902.2,10903.1,10891.5,10894.9,1364
2026-08-03 03:00:00+00:00,10895.1,10909.8,10895.0,10902.3,1163
2026-08-03 04:00:00+00:00,10902.4,10910.2,10901.5,10902.9,644
2026-08-03 05:00:00+00:00,10899.0,10902.0,10887.6,10888.1,543
2026-08-03 06:00:00+00:00,10888.6,10893.3,10849.6,10853.6,1283
2026-08-03 07:00:00+00:00,10855.3,10871.1,10825.3,10869.6,7939
2026-08-03 08:00:00+00:00,10871.1,10875.6,10838.8,10851.6,4689
2026-08-03 09:00:00+00:00,10851.8,10862.8,10842.6,10846.6,3163
2026-08-03 10:00:00+00:00,10846.1,10858.1,10839.6,10855.1,2952
2026-08-03 11:00:00+00:00,10854.8,10890.1,10852.3,10882.8,2965
2026-08-03 12:00:00+00:00,10881.8,10882.1,10843.3,10858.1,3537
2026-08-03 13:00:00+00:00,10858.3,10864.8,10828.8,10837.0,6186
2026-08-03 14:00:00+00:00,10835.5,10859.3,10821.3,10830.3,6083
2026-08-03 15:00:00+00:00,10830.6,10866.1,10823.1,10851.6,5229
2026-08-03 16:00:00+00:00,10851.3,10852.8,10825.8,10836.1,1565
2026-08-03 17:00:00+00:00,10836.3,10845.3,10830.8,10844.3,996
2026-08-03 18:00:00+00:00,10844.6,10862.6,10842.8,10848.6,1263
2026-08-03 19:00:00+00:00,10849.1,10863.6,10848.8,10861.3,1158
2026-08-03 20:00:00+00:00,10860.3,10867.4,10856.2,10861.9,672
2026-08-03 22:00:00+00:00,10862.9,10867.4,10862.4,10866.0,1109
2026-08-03 23:00:00+00:00,10866.1,10866.9,10863.4,10865.1,1154
2026-08-04 00:00:00+00:00,10867.2,10871.0,10854.2,10857.5,2774
2026-08-04 01:00:00+00:00,10858.0,10879.1,10854.6,10877.1,2830
2026-08-04 02:00:00+00:00,10877.5,10879.0,10865.5,10872.0,2782
2026-08-04 03:00:00+00:00,10871.7,10876.4,10868.9,10872.4,2093
2026-08-04 04:00:00+00:00,10872.6,10879.6,10869.8,10870.8,1569
2026-08-04 05:00:00+00:00,10871.4,10873.6,10860.8,10870.8,1248
2026-08-04 06:00:00+00:00,10871.6,10887.1,10861.6,10872.6,1517
2026-08-04 07:00:00+00:00,10872.3,10920.1,10857.1,10895.1,7510
2026-08-04 08:00:00+00:00,10894.1,10895.3,10869.6,10875.1,4382
2026-08-04 09:00:00+00:00,10875.3,10885.1,10866.8,10874.1,2992
2026-08-04 10:00:00+00:00,10874.3,10892.1,10860.6,10881.3,3869
2026-08-04 11:00:00+00:00,10881.6,10909.3,10877.3,10900.1,4338
2026-08-04 12:00:00+00:00,10899.8,10902.8,10877.1,10879.1,3566
2026-08-04 13:00:00+00:00,10878.8,10903.8,10864.1,10879.8,6283
2026-08-04 14:00:00+00:00,10879.0,10896.1,10867.1,10891.6,5600
2026-08-04 15:00:00+00:00,10891.8,10892.3,10867.6,10879.8,4761
2026-08-04 16:00:00+00:00,10879.6,10901.3,10879.1,10900.1,1660
2026-08-04 17:00:00+00:00,10899.8,10900.8,10889.6,10893.1,1254
2026-08-04 18:00:00+00:00,10892.8,10904.6,10891.6,10898.1,1291
2026-08-04 19:00:00+00:00,10897.8,10904.1,10883.6,10884.8,1788
2026-08-04 20:00:00+00:00,10891.0,10902.5,10884.8,10894.3,2944
2026-08-04 22:00:00+00:00,10893.3,10902.6,10893.3,10900.3,1519
2026-08-04 23:00:00+00:00,10900.9,10902.6,10896.0,10898.8,1555
2026-08-05 00:00:00+00:00,10896.1,10907.3,10894.4,10898.9,2112
2026-08-05 01:00:00+00:00,10898.7,10910.7,10889.8,10910.3,1899
2026-08-05 02:00:00+00:00,10910.5,10917.0,10906.5,10908.0,1541
2026-08-05 03:00:00+00:00,10907.9,10918.5,10907.3,10918.4,1022
2026-08-05 04:00:00+00:00,10918.5,10921.4,10911.0,10911.7,941
2026-08-05 05:00:00+00:00,10912.3,10912.5,10898.3,10906.1,832
2026-08-05 06:00:00+00:00,10908.1,10915.8,10895.6,10897.1,1373
2026-08-05 07:00:00+00:00,10897.3,10931.1,10892.6,10897.1,6294
2026-08-05 08:00:00+00:00,10897.6,10899.1,10872.1,10880.3,4163
2026-08-05 09:00:00+00:00,10880.1,10890.6,10872.3,10874.1,2842
2026-08-05 10:00:00+00:00,10874.3,10885.1,10827.3,10837.8,3832
2026-08-05 11:00:00+00:00,10838.1,10857.1,10824.6,10851.8,3948
2026-08-05 12:00:00+00:00,10852.1,10940.1,10852.1,10929.1,5823
2026-08-05 13:00:00+00:00,10930.3,10932.1,10883.3,10901.0,6455
2026-08-05 14:00:00+00:00,10893.8,10910.8,10888.1,10893.3,5595
2026-08-05 15:00:00+00:00,10893.6,10903.6,10873.6,10875.6,4993
2026-08-05 16:00:00+00:00,10875.3,10893.3,10874.6,10887.1,2047
2026-08-05 17:00:00+00:00,10886.8,10896.1,10882.1,10893.6,1357
2026-08-05 18:00:00+00:00,10893.3,10896.6,10880.6,10881.1,979
2026-08-05 19:00:00+00:00,10880.6,10886.3,10869.8,10874.5,1286
2026-08-05 20:00:00+00:00,10873.8,10890.4,10873.2,10887.1,1656
2026-08-05 22:00:00+00:00,10885.0,10896.3,10882.8,10890.0,1555
2026-08-05 23:00:00+00:00,10889.9,10893.5,10886.2,10887.2,1658
2026-08-06 00:00:00+00:00,10897.1,10901.6,10889.1,10892.5,2709
2026-08-06 01:00:00+00:00,10892.2,10894.2,10879.6,10882.6,1914
2026-08-06 02:00:00+00:00,10882.7,10895.2,10882.4,10895.2,1639
2026-08-06 03:00:00+00:00,10895.1,10900.2,10894.8,10897.8,1466
2026-08-06 04:00:00+00:00,10898.5,10900.1,10887.9,10894.5,1409
2026-08-06 05:00:00+00:00,10894.7,10897.1,10883.6,10896.8,912
2026-08-06 06:00:00+00:00,10897.6,10924.3,10891.1,10905.6,1626
2026-08-06 07:00:00+00:00,10905.1,10938.6,10903.1,10926.8,6140
2026-08-06 08:00:00+00:00,10927.1,10945.8,10900.6,10943.8,3690
2026-08-06 09:00:00+00:00,10943.6,10953.1,10921.3,10932.6,3155
2026-08-06 10:00:00+00:00,10932.1,10945.1,10911.3,10915.1,2791
2026-08-06 11:00:00+00:00,10915.6,10918.3,10899.8,10910.8,2828
2026-08-06 12:00:00+00:00,10910.6,10919.6,10901.1,10916.6,2678
2026-08-06 13:00:00+00:00,10917.3,10923.6,10873.3,10876.1,5118
2026-08-06 14:00:00+00:00,10875.6,10900.1,10873.1,10889.1,4467
2026-08-06 15:00:00+00:00,10888.6,10895.1,10873.6,10875.6,4092
2026-08-06 16:00:00+00:00,10875.8,10877.8,10859.6,10870.1,1659
2026-08-06 17:00:00+00:00,10870.6,10871.8,10859.6,10863.8,1060
2026-08-06 18:00:00+00:00,10864.3,10872.3,10860.6,10871.3,744
2026-08-06 19:00:00+00:00,10871.1,10874.6,10860.6,10867.5,1388
2026-08-06 20:00:00+00:00,10866.5,10872.6,10859.6,10863.0,1016
2026-08-06 22:00:00+00:00,10865.5,10874.6,10865.5,10873.4,1026
2026-08-06 23:00:00+00:00,10873.3,10876.1,10872.1,10874.4,1410
2026-08-07 00:00:00+00:00,10869.8,10869.9,10852.2,10862.4,3712
2026-08-07 01:00:00+00:00,10862.6,10867.4,10851.0,10854.1,4424
2026-08-07 02:00:00+00:00,10854.2,10861.7,10849.2,10858.6,2852
2026-08-07 03:00:00+00:00,10858.5,10861.3,10856.0,10860.5,2025
2026-08-07 04:00:00+00:00,10860.6,10863.7,10854.3,10860.0,2189
2026-08-07 05:00:00+00:00,10859.6,10868.6,10859.1,10866.3,1329
2026-08-07 06:00:00+00:00,10867.5,10892.3,10864.8,10881.8,1600
2026-08-07 07:00:00+00:00,10882.3,10906.6,10876.3,10890.8,5555
2026-08-07 08:00:00+00:00,10891.3,10897.3,10879.6,10895.3,3349
2026-08-07 09:00:00+00:00,10895.6,10937.3,10885.3,10936.1,3207
2026-08-07 10:00:00+00:00,10936.3,10959.1,10928.3,10957.3,2352
2026-08-07 11:00:00+00:00,10957.6,10967.3,10947.3,10955.6,2036
2026-08-07 12:00:00+00:00,10955.3,10960.6,10935.0,10942.3,4336
2026-08-07 13:00:00+00:00,10942.6,10943.1,10913.6,10922.8,5252
2026-08-07 14:00:00+00:00,10924.1,10932.1,10909.6,10927.1,4417
2026-08-07 15:00:00+00:00,10926.8,10928.1,10893.3,10895.6,3551
2026-08-07 16:00:00+00:00,10895.8,10906.6,10890.6,10896.8,1946
2026-08-07 17:00:00+00:00,10896.6,10900.1,10894.8,10897.6,923
2026-08-07 18:00:00+00:00,10897.8,10897.8,10883.1,10888.8,932
2026-08-07 19:00:00+00:00,10889.3,10908.8,10888.6,10900.8,2087
2026-08-09 22:00:00+00:00,10892.4,10895.3,10885.6,10890.7,1651
2026-08-09 23:00:00+00:00,10890.8,10894.8,10888.7,10889.2,1269
2026-08-10 00:00:00+00:00,10891.8,10891.8,10871.1,10873.1,2517
2026-08-10 01:00:00+00:00,10872.9,10881.3,10868.9,10872.7,2010
2026-08-10 02:00:00+00:00,10872.9,10875.1,10864.9,10866.1,1159
2026-08-10 03:00:00+00:00,10866.5,10875.6,10866.5,10874.0,1054
2026-08-10 04:00:00+00:00,10873.8,10879.3,10872.0,10878.0,1089
2026-08-10 05:00:00+00:00,10869.8,10881.3,10868.3,10875.6,462
2026-08-10 06:00:00+00:00,10876.8,10892.6,10856.1,10890.3,924
2026-08-10 07:00:00+00:00,10891.8,10904.3,10878.6,10884.6,3786
2026-08-10 08:00:00+00:00,10884.8,10890.3,10872.6,10875.3,2001
2026-08-10 09:00:00+00:00,10875.6,10883.6,10860.3,10879.6,1488
2026-08-10 10:00:00+00:00,10879.3,10881.6,10865.3,10868.6,1339
2026-08-10 11:00:00+00:00,10868.3,10888.3,10865.6,10882.1,1387
2026-08-10 12:00:00+00:00,10882.3,10883.3,10856.6,10861.1,1700
2026-08-10 13:00:00+00:00,10861.6,10866.6,10837.1,10839.1,3764
2026-08-10 14:00:00+00:00,10840.1,10866.8,10829.1,10865.1,3384
2026-08-10 15:00:00+00:00,10865.6,10873.3,10847.1,10849.6,3018
2026-08-10 16:00:00+00:00,10849.8,10858.1,10843.1,10856.1,1172
2026-08-10 17:00:00+00:00,10856.6,10856.8,10847.3,10854.6,561
2026-08-10 18:00:00+00:00,10854.8,10862.3,10854.8,10859.8,527
2026-08-10 19:00:00+00:00,10860.3,10868.3,10855.8,10862.3,796
2026-08-10 20:00:00+00:00,10859.3,10861.4,10858.0,10860.2,452
2026-08-10 22:00:00+00:00,10862.2,10862.6,10855.6,10857.5,495
2026-08-10 23:00:00+00:00,10857.8,10858.0,10850.9,10854.4,729
2026-08-11 00:00:00+00:00,10851.6,10868.1,10851.2,10858.2,2013
2026-08-11 01:00:00+00:00,10858.1,10872.9,10852.8,10868.1,2097
2026-08-11 02:00:00+00:00,10868.5,10873.2,10864.6,10865.4,1066
2026-08-11 03:00:00+00:00,10865.5,10870.6,10862.6,10863.1,818
2026-08-11 04:00:00+00:00,10863.5,10871.4,10862.5,10864.4,692
2026-08-11 05:00:00+00:00,10862.1,10866.6,10853.6,10858.3,880
2026-08-11 06:00:00+00:00,10859.6,10864.3,10839.1,10860.6,1495
2026-08-11 07:00:00+00:00,10861.1,10877.1,10833.1,10836.1,4608
2026-08-11 08:00:00+00:00,10835.8,10845.1,10824.6,10831.6,2963
2026-08-11 09:00:00+00:00,10830.1,10854.3,10828.1,10852.6,2116
2026-08-11 10:00:00+00:00,10853.1,10873.3,10843.8,10873.1,2214
2026-08-11 11:00:00+00:00,10871.6,10878.1,10855.3,10870.6,2841
2026-08-11 12:00:00+00:00,10870.8,10886.6,10865.3,10880.3,2096
2026-08-11 13:00:00+00:00,10880.8,10897.1,10864.6,10880.6,4124
2026-08-11 14:00:00+00:00,10880.1,10882.3,10853.1,10855.6,3843
2026-08-11 15:00:00+00:00,10856.1,10864.1,10842.6,10846.3,3377
2026-08-11 16:00:00+00:00,10846.1,10853.8,10838.1,10838.6,1264
2026-08-11 17:00:00+00:00,10838.8,10842.1,10823.1,10825.1,1168
2026-08-11 18:00:00+00:00,10824.8,10826.1,10812.6,10821.3,1371
2026-08-11 19:00:00+00:00,10821.1,10833.1,10821.1,10825.8,1068
2026-08-11 20:00:00+00:00,10824.8,10832.5,10822.0,10828.3,513
2026-08-11 22:00:00+00:00,10827.1,10830.6,10825.6,10827.8,604
2026-08-11 23:00:00+00:00,10827.6,10830.6,10826.8,10830.3,886
2026-08-12 00:00:00+00:00,10818.0,10830.3,10817.9,10827.5,2032
2026-08-12 01:00:00+00:00,10827.2,10830.8,10819.4,10820.8,1661
2026-08-12 02:00:00+00:00,10821.2,10822.8,10819.2,10822.6,969
2026-08-12 03:00:00+00:00,10822.7,10824.8,10821.0,10824.8,844
2026-08-12 04:00:00+00:00,10824.6,10830.1,10824.3,10829.1,672
2026-08-12 05:00:00+00:00,10827.6,10827.8,10819.8,10820.3,515
2026-08-12 06:00:00+00:00,10821.6,10840.3,10819.1,10840.1,917
2026-08-12 07:00:00+00:00,10842.1,10850.1,10820.3,10823.6,3626
2026-08-12 08:00:00+00:00,10823.8,10840.3,10820.1,10838.6,2261
2026-08-12 09:00:00+00:00,10838.8,10862.1,10834.1,10854.1,2820
2026-08-12 10:00:00+00:00,10854.3,10860.6,10843.1,10859.3,1824
2026-08-12 11:00:00+00:00,10859.8,10862.6,10837.6,10840.1,1600
2026-08-12 12:00:00+00:00,10840.3,10865.0,10829.3,10831.8,3234
2026-08-12 13:00:00+00:00,10832.3,10839.6,10808.6,10828.6,4543
2026-08-12 14:00:00+00:00,10828.8,10837.8,10815.1,10821.3,4111
2026-08-12 15:00:00+00:00,10821.1,10838.6,10809.3,10832.1,3201
2026-08-12 16:00:00+00:00,10832.3,10838.6,10826.1,10831.1,952
2026-08-12 17:00:00+00:00,10830.6,10845.8,10828.8,10844.8,902
2026-08-12 18:00:00+00:00,10845.1,10849.1,10843.8,10845.3,683
2026-08-12 19:00:00+00:00,10845.1,10853.6,10842.1,10853.1,873
2026-08-12 20:00:00+00:00,10852.0,10859.6,10848.3,10848.6,761
2026-08-12 22:00:00+00:00,10853.8,10855.5,10851.3,10853.0,661
2026-08-12 23:00:00+00:00,10852.8,10856.0,10851.8,10852.5,739
2026-08-13 00:00:00+00:00,10846.0,10852.5,10844.7,10852.3,1578
2026-08-13 01:00:00+00:00,10852.5,10853.0,10839.9,10846.3,1748
2026-08-13 02:00:00+00:00,10846.9,10852.3,10845.3,10850.2,992
2026-08-13 03:00:00+00:00,10850.0,10852.8,10847.9,10851.6,466
2026-08-13 04:00:00+00:00,10851.8,10852.9,10847.4,10850.0,801
2026-08-13 05:00:00+00:00,10848.1,10857.8,10847.3,10847.6,484
2026-08-13 06:00:00+00:00,10847.5,10868.6,10839.6,10858.8,1166
2026-08-13 07:00:00+00:00,10860.3,10866.6,10806.6,10817.1,4373
2026-08-13 08:00:00+00:00,10816.8,10838.8,10813.6,10835.6,2192
2026-08-13 09:00:00+00:00,10835.8,10840.1,10826.3,10837.6,1463
2026-08-13 10:00:00+00:00,10837.8,10844.1,10826.6,10842.1,1379
2026-08-13 11:00:00+00:00,10840.6,10847.3,10829.3,10835.8,1418
2026-08-13 12:00:00+00:00,10835.6,10835.8,10813.3,10816.8,2176
2026-08-13 13:00:00+00:00,10817.3,10833.1,10812.3,10813.3,4352
2026-08-13 14:00:00+00:00,10813.6,10823.3,10799.8,10802.6,4148
2026-08-13 15:00:00+00:00,10802.8,10818.3,10782.8,10808.6,4084
2026-08-13 16:00:00+00:00,10809.1,10828.1,10807.8,10827.3,949
2026-08-13 17:00:00+00:00,10827.8,10830.6,10821.1,10826.3,924
2026-08-13 18:00:00+00:00,10826.6,10831.3,10825.1,10826.3,760
2026-08-13 19:00:00+00:00,10826.1,10828.3,10822.8,10825.3,933
2026-08-13 20:00:00+00:00,10824.5,10826.2,10819.2,10826.2,598
2026-08-13 22:00:00+00:00,10826.7,10827.7,10823.9,10824.9,413
2026-08-13 23:00:00+00:00,10825.0,10828.1,10824.5,10826.2,761
2026-08-14 00:00:00+00:00,10826.5,10830.3,10820.6,10821.0,1171
2026-08-14 01:00:00+00:00,10820.9,10826.1,10818.1,10824.4,1087
2026-08-14 02:00:00+00:00,10824.8,10828.2,10821.4,10822.2,521
2026-08-14 03:00:00+00:00,10822.1,10826.6,10821.9,10823.2,424
2026-08-14 04:00:00+00:00,10823.6,10824.3,10820.6,10821.1,477
2026-08-14 05:00:00+00:00,10820.8,10822.3,10816.6,10819.1,309
2026-08-14 06:00:00+00:00,10819.6,10820.1,10807.6,10813.1,780
2026-08-14 07:00:00+00:00,10812.8,10819.8,10769.6,10770.3,4343
2026-08-14 08:00:00+00:00,10771.1,10778.8,10749.1,10773.1,2797
2026-08-14 09:00:00+00:00,10772.8,10796.1,10770.6,10790.1,1748
2026-08-14 10:00:00+00:00,10790.3,10799.1,10787.6,10792.3,1269
2026-08-14 11:00:00+00:00,10792.1,10806.1,10778.8,10798.1,1487
2026-08-14 12:00:00+00:00,10798.6,10807.3,10792.3,10798.1,1894
2026-08-14 13:00:00+00:00,10798.3,10804.1,10781.1,10798.1,3358
2026-08-14 14:00:00+00:00,10798.3,10800.6,10773.8,10784.6,3144
2026-08-14 15:00:00+00:00,10784.8,10791.8,10759.3,10763.8,2903
2026-08-14 16:00:00+00:00,10763.6,10774.6,10761.6,10772.1,728
2026-08-14 17:00:00+00:00,10772.3,10783.8,10772.1,10779.3,645
2026-08-14 18:00:00+00:00,10779.6,10794.1,10778.3,10792.6,467
2026-08-14 19:00:00+00:00,10792.3,10793.3,10775.1,10785.8,919
2026-08-16 22:00:00+00:00,10787.4,10790.1,10786.9,10789.3,446
2026-08-16 23:00:00+00:00,10789.2,10792.0,10787.9,10791.3,278
2026-08-17 00:00:00+00:00,10789.1,10789.2,10780.6,10784.9,820
2026-08-17 01:00:00+00:00,10785.1,10796.5,10784.1,10791.8,940
2026-08-17 02:00:00+00:00,10792.0,10792.2,10786.6,10789.8,460
2026-08-17 03:00:00+00:00,10789.9,10801.3,10789.9,10800.9,297
2026-08-17 04:00:00+00:00,10801.1,10802.8,10796.0,10796.7,352
2026-08-17 05:00:00+00:00,10796.6,10806.8,10795.3,10806.6,318
2026-08-17 06:00:00+00:00,10806.6,10820.8,10800.6,10816.6,971
2026-08-17 07:00:00+00:00,10817.3,10823.1,10799.3,10810.1,3768
2026-08-17 08:00:00+00:00,10810.6,10810.6,10786.1,10787.3,2104
2026-08-17 09:00:00+00:00,10787.1,10793.1,10773.6,10779.6,1568
2026-08-17 10:00:00+00:00,10779.3,10798.8,10772.6,10789.6,2130
2026-08-17 11:00:00+00:00,10789.1,10801.3,10784.3,10787.6,1398
2026-08-17 12:00:00+00:00,10787.8,10787.8,10758.6,10764.6,2004
2026-08-17 13:00:00+00:00,10764.8,10770.6,10750.6,10769.6,3328
2026-08-17 14:00:00+00:00,10769.3,10771.3,10750.8,10753.6,2971
2026-08-17 15:00:00+00:00,10754.3,10758.8,10736.8,10743.1,2611
2026-08-17 16:00:00+00:00,10743.3,10756.1,10743.3,10752.3,670
2026-08-17 17:00:00+00:00,10752.1,10753.1,10743.8,10746.8,826
2026-08-17 18:00:00+00:00,10746.6,10753.8,10742.8,10748.8,801
2026-08-17 19:00:00+00:00,10749.3,10761.6,10746.3,10759.3,1055
2026-08-17 20:00:00+00:00,10758.3,10758.3,10752.7,10754.1,531
2026-08-17 22:00:00+00:00,10755.6,10756.8,10751.7,10754.4,685
2026-08-17 23:00:00+00:00,10754.3,10757.3,10752.4,10757.0,729
2026-08-18 00:00:00+00:00,10754.0,10762.7,10753.1,10760.8,1048
2026-08-18 01:00:00+00:00,10761.0,10767.9,10753.3,10761.3,2027
2026-08-18 02:00:00+00:00,10761.4,10761.8,10749.2,10753.9,2543
2026-08-18 03:00:00+00:00,10754.2,10755.9,10746.0,10751.0,1947
2026-08-18 04:00:00+00:00,10751.2,10751.2,10744.5,10748.5,1687
2026-08-18 05:00:00+00:00,10755.1,10761.8,10748.3,10757.5,1312
2026-08-18 06:00:00+00:00,10758.3,10779.1,10743.8,10775.6,2105
2026-08-18 07:00:00+00:00,10776.6,10776.6,10742.1,10747.6,5978
2026-08-18 08:00:00+00:00,10747.3,10748.6,10728.8,10740.8,4239
2026-08-18 09:00:00+00:00,10740.0,10744.1,10728.6,10742.1,2772
2026-08-18 10:00:00+00:00,10742.3,10755.6,10741.8,10755.1,1925
2026-08-18 11:00:00+00:00,10754.6,10766.6,10749.1,10760.3,1882
2026-08-18 12:00:00+00:00,10760.1,10786.1,10756.1,10785.8,2370
2026-08-18 13:00:00+00:00,10785.6,10809.1,10772.6,10791.8,4880
2026-08-18 14:00:00+00:00,10792.1,10798.1,10755.3,10757.8,4589
2026-08-18 15:00:00+00:00,10757.6,10768.6,10742.3,10758.8,4086
2026-08-18 16:00:00+00:00,10758.6,10762.3,10749.3,10760.3,1230
2026-08-18 17:00:00+00:00,10760.6,10766.1,10758.8,10759.8,795
2026-08-18 18:00:00+00:00,10759.6,10765.3,10757.1,10757.3,868
2026-08-18 19:00:00+00:00,10757.8,10766.1,10750.1,10752.6,1235
2026-08-18 20:00:00+00:00,10751.5,10753.6,10749.1,10751.6,547
2026-08-18 22:00:00+00:00,10752.2,10756.3,10746.5,10746.8,882
2026-08-18 23:00:00+00:00,10746.9,10753.1,10746.0,10749.9,1185
2026-08-19 00:00:00+00:00,10750.4,10756.4,10742.1,10747.6,2340
2026-08-19 01:00:00+00:00,10747.4,10754.5,10738.2,10741.1,1852
2026-08-19 02:00:00+00:00,10740.8,10749.7,10738.7,10747.7,1560
2026-08-19 03:00:00+00:00,10747.8,10751.4,10742.9,10747.4,1358
2026-08-19 04:00:00+00:00,10747.3,10747.4,10739.5,10743.3,1215
2026-08-19 05:00:00+00:00,10743.5,10750.8,10737.1,10741.1,883
2026-08-19 06:00:00+00:00,10740.5,10768.6,10728.6,10767.6,1714
2026-08-19 07:00:00+00:00,10767.3,10773.3,10745.1,10749.1,5283
2026-08-19 08:00:00+00:00,10748.6,10758.1,10732.1,10734.3,2829
2026-08-19 09:00:00+00:00,10733.8,10742.1,10727.1,10735.6,1869
2026-08-19 10:00:00+00:00,10735.3,10741.3,10723.8,10740.3,1781
2026-08-19 11:00:00+00:00,10739.1,10755.6,10738.1,10752.8,1883
2026-08-19 12:00:00+00:00,10753.1,10783.6,10739.1,10759.3,3934
2026-08-19 13:00:00+00:00,10759.6,10778.8,10739.6,10769.1,5328
2026-08-19 14:00:00+00:00,10769.6,10790.6,10762.6,10777.1,4895
2026-08-19 15:00:00+00:00,10777.6,10779.1,10761.8,10762.8,3544
2026-08-19 16:00:00+00:00,10762.6,10772.6,10759.6,10766.1,1521
2026-08-19 17:00:00+00:00,10766.3,10771.1,10762.1,10767.1,1268
2026-08-19 18:00:00+00:00,10766.8,10774.1,10766.1,10773.6,1498
2026-08-19 19:00:00+00:00,10773.3,10779.1,10768.1,10773.8,1241
2026-08-19 20:00:00+00:00,10772.8,10774.3,10767.7,10771.6,527
